Workbook

Sheet CSJ-MNOH-SQ
A1: NIS IA PROFILE as of : (Month & Year)
A2: Region: V
A3: IMO:
A4: NIS:
A5: Name of IA | C5: Mailing Address | D5: Name of President | E5: Contact Number | F5: Date Organized | G5: Date of SEC Registration | H5: SEC Registration Number | I5: IA TIN | J5: Service Area (ha) | K5: FUSA | L5: Farmer - Beneficiaries (No.) | M5: Actual IA Members (No.) | N5: No. of TSAGs | O5: Existing O & M or IMT Contract (Specify) | P5: Latest Effectivity of Contract | Q5: Length of Canal Under Contract (km) | S5: Gender
P6: President | Q6: District | S6: M | T6: F
A7: Congressional District: I
B9: Sub-total NIS1 | J9: =SUM(J8:J8) -> 0 | K9: =SUM(K8:K8) -> 0 | L9: =SUM(L8:L8) -> 0 | M9: =SUM(M8:M8) -> 0 | N9: =SUM(N8:N8) -> 0 | O9: =COUNT(O8) -> 0 | Q9: =SUM(Q8:Q8) -> 0 | S9: =SUM(S8:S8) -> 0 | T9: =SUM(T8:T8) -> 0
I11: CY 2023 | J11: 3641.2867 | K11: 3636.435 | L11: 4441 | M11: 3976 | N11: 106
J12: =J9-J11 -> -3641.2867 | K12: =K9-K11 -> -3636.435 | L12: =L9-L11 -> -4441 | M12: =M9-M11 -> -3976 | N12: =N9-N11 -> -106

Sheet ALBAY
A1: CIS IA PROFILE as of : DECEMBER 31, 2024
A2: Region: V | G2: =900*12 -> 10800
A3: IMO 1: ALBAY/CATANDUANES
A4: PROVINCE 1: ALBAY
A5: Name of CIS | D5: Irrigators' Association Name | E5: Mailing Address | F5: Name of President | G5: Contact Number | H5: Date Organized | I5: TIN No. | J5: SEC REGISTRATION | L5: WATER PERMIT | N5: Service Area (ha) | O5: FUSA (ha) | P5: Farmer - Beneficiaries | Q5: Actual IA Members | R5: No. of Sectors | S5: Date of Original System Turnover | T5: Date of Latest System Turnover | U5: Amortizing Loan or Fully-paid | V5: Operational or Non-operational | W5: Length of Canal Under Contract (km) | Z5: (With IMT/ Without IMT) | AA5: REMARKS | AC5: Gender
J6: Date of SEC Registration | K6: SEC Registration Number | L6: Water Permit Number | M6: Date Approved | U6: President | W6: Lined | X6: Unlined | Y6: Total | AA6: District | AC6: M | AD6: F
A7: Congressional District: I
A8: 1 | B8: BALADING-AWANG CIS | C8: 1 | D8: BALADING-AWANG IRRIGATORS ASSOCIATION, INC. | E8: Balading, Malinao | F8: Joel C. Casitas | G8: 09485318709 | H8: 2000 | I8: 005-715-040 | J8: 00-00157 | K8: 36662 | L8: on process | M8: on process | N8: 74.7186 | O8: 74.7186 | P8: 105 | Q8: 45 | R8: 2 | S8: 36664 | T8: 40735 | U8: Non-Amortizing | V8: Operational | W8: 1.79 | Y8: =SUM(W8:X8) -> 1.79 | Z8: with IMT contract | AC8: 36 | AD8: 9
A9: =A8+1 -> 2 | B9: BARIW SAN CARLOS CIS | C9: =C8+1 -> 2 | D9: Samahan ng Magsasaka ng San Carlos sa Lupang Pangarap (SAMALUPA) Incorporated | E9: Bariw, Malinao | F9: Fernando B. Cordenete | G9: 09208829164 | H9: 2009 | I9: 762-720-718 | J9: CN202070004 | K9: 43837 | L9: 11727 | M9: 32714 | N9: 109.6278 | O9: 109.6278 | P9: 177 | Q9: 112 | R9: 2 | S9: 40992 | T9: 40992 | U9: Non-Amortizing | V9: Operational | Y9: =SUM(W9:X9) -> 0 | Z9: without IMT contract | AC9: 89 | AD9: 23
A10: =A9+1 -> 3 | B10: BASAGAN CIS | C10: =C9+1 -> 3 | D10: BASAGAN FABRICA FARMERS IRRIGATORS ASSOCIATION,INC | E10: Basagan, Tabaco City | F10: Elpedio G. Cao | G10: 09087259910 | H10: 42265 | I10: 438-010-429-000 | J10: CN201639202 | K10: 42516 | L10: on process | M10: on process | N10: 9.1286 | O10: 9.1286 | P10: 28 | Q10: 20 | R10: 2 | S10: 43139 | T10: 06/17/2022 | U10: Non-Amortizing | V10: Operational | W10: 0.453 | X10: 1.737 | Y10: =SUM(W10:X10) -> 2.19 | Z10: with IMT contract | AC10: 16 | AD10: 4
A11: =A10+1 -> 4 | B11: BAYANDONG CIS | C11: =C10+1 -> 4 | D11: HUNGO-BAYANDONG IRRIGATORS' ASSOCIATION, INC. | E11: Bayandong, Bacacay | F11: Justiniano B. Esplana, Jr. | G11: 09097220716 | H11: 2004 | I11: 005-436-169-000 | J11: 04-27163 | K11: 38104 | L11: on process | M11: on process | N11: 89.5112 | O11: 89.5112 | P11: 103 | Q11: 87 | R11: 3 | S11: 39017 | T11: 41312 | U11: Fully Paid | V11: Operational | W11: 4.61 | Y11: =SUM(W11:X11) -> 4.61 | Z11: with IMT contract | AC11: 54 | AD11: 33
A12: =A11+1 -> 5 | B12: BBMAGUI CIS | C12: =C11+1 -> 5 | D12: BARANGHAWON BOGŇABONG MARIROC GUINOBAT IRRIGATORS ASSOCIATION (BBMAGUI-IA), INC. | E12: Bongabong,Tabaco City | F12: Artemio B. Buenconsejo | G12: 09262677315 | H12: 2011 | I12: 497-201-735 | J12: CN201126239 | K12: 40577 | L12: on process | M12: on process | N12: 156.3617 | O12: 156.3617 | P12: 75 | Q12: 50 | R12: 4 | S12: 08/14/2020 | T12: 8/14/2020 | U12: Non-Amortizing | V12: Operational | W12: 4.3925 | X12: 2.842 | Y12: =SUM(W12:X12) -> 7.2345 | Z12: with IMT contract | AC12: 40 | AD12: 10
A13: =A12+1 -> 6 | B13: BONGA CIS | C13: =C12+1 -> 6 | D13: BONGA MIRISBIRIS IRRIGATORS ASSOCIATION (BMIA), INC. | E13: Bonga, Bacacay, Albay | F13: Eleno B. Nuñez | G13: 09319919491 | H13: 41326 | I13: 439-465-031 | J13: CN201330831 | K13: 41462 | L13: on process | M13: on process | N13: 99.3249 | O13: 99.0016 | P13: 69 | Q13: 15 | R13: 2 | S13: 2013 | T13: 2014 | U13: Non-Amortizing | V13: Operational | W13: 2.329 | X13: 0.807 | Y13: =SUM(W13:X13) -> 3.136 | Z13: with IMT contract | AC13: 10 | AD13: 5
A14: =A13+1 -> 7 | B14: BURABOD-JONOP CIS | C14: =C13+1 -> 7 | D14: BURABOD-JONOP STA. ELENA IRRIGATORS ASSOCIATION, INC. | E14: Burabod, Malinao | F14: JOEL C. CEPEREZ JR. | G14: 09772309263 | H14: 1991 | I14: NONE | J14: OO2153 | K14: 33781 | L14: 14098 | M14: 34299 | N14: 327.3648 | O14: 327.3648 | P14: 333 | Q14: 151 | R14: 5 | S14: 34205 | T14: 40471 | U14: Non-Amortizing | V14: Operational | Y14: =SUM(W14:X14) -> 0 | Z14: without IMT contract | AC14: 120 | AD14: 31
A15: =A14+1 -> 8 | B15: CABASAN CIS | C15: =C14+1 -> 8 | D15: CABASAN-SAN VICENTE IRRIGATORS ASSOCIATION, INC. | E15: Cabasan, Bacacay | F15: Ely A. Bellen | G15: 09515383158 | H15: 41380 | I15: NONE | J15: CN201330088 | K15: 41435 | L15: on process | M15: on process | N15: 16.5087 | O15: 16.5087 | P15: 20 | Q15: 20 | R15: 1 | S15: 42314 | T15: 42929 | U15: Non-Amortizing | V15: Operational | Y15: =SUM(W15:X15) -> 0 | Z15: without IMT contract | AC15: 20 | AD15: 5
A16: =A15+1 -> 9 | B16: CAGBULACAO CIS | C16: =C15+1 -> 9 | D16: CAGBULACAO FARMERS IRRIGATORS ASSOCIATION, INC. | E16: Cagbulacao, Bacacay | F16: EDWIN B. BISTA | G16: 09175178079 | H16: 41331 | I16: NONE | J16: CN201330826 | K16: 41460 | L16: on process | M16: on process | N16: 8.9716 | O16: 7.1457 | P16: 12 | Q16: 12 | R16: 1 | S16: 2015 | T16: 42934 | U16: Non-Amortizing | V16: Operational | Y16: =SUM(W16:X16) -> 0 | Z16: without IMT contract | AC16: 8 | AD16: 7
A17: =A16+1 -> 10 | B17: CAGRARAY CIS | C17: =C16+1 -> 10 | D17: CAGRARAY FARMERS IRRIGATORS ASSOCIATION, INC. | E17: Cagraray, Bacacay | F17: Nelson B. Belleza | G17: NONE | H17: 41338 | I17: NONE | J17: CN201330829 | K17: 41460 | L17: on process | M17: on process | N17: 14.9689 | O17: 14.9689 | P17: 20 | Q17: 20 | R17: 1 | S17: 10/15/2014 | T17: 04/16/2018 | U17: Non-Amortizing | V17: Operational | Y17: =SUM(W17:X17) -> 0 | Z17: without IMT contract | AC17: 15 | AD17: 5
A18: =A17+1 -> 11 | B18: CALE-NAGA CIS | C18: =C17+1 -> 11 | D18: CARARAYAN CALE NAGA LIBJO IRRIGATORS' ASSOCIATION (CACANALIIA), INC. | E18: Cararayan, Tiwi | F18: Miguel C. Clariño | G18: 09774006032 | H18: 1998 | I18: 264-025-603 | J18: 200827757 | K18: 39544 | L18: on process | M18: on process | N18: 127.7262 | O18: 127.7262 | P18: 200 | Q18: 184 | R18: 4 | S18: 36056 | T18: 40651 | U18: Non-Amortizing | V18: Operational | W18: 3.8 | Y18: =SUM(W18:X18) -> 3.8 | Z18: with IMT contract | AC18: 150 | AD18: 34
A19: =A18+1 -> 12 | B19: CANAWAY CIS | C19: =C18+1 -> 12 | D19: CANSICO IRRIGATORS ASSOCIATION, INC. | E19: Malilipot, Albay | F19: Marcial C. Camo | G19: 09952998896 | H19: 40349 | I19: 297-210-305-000 | J19: CN201029937 | K19: 40216 | L19: on process | M19: on process | N19: 74.5528 | O19: 74.5528 | P19: 115 | Q19: 104 | R19: 3 | S19: 40640 | T19: 41310 | U19: Fully Paid | V19: Operational | W19: 5.41 | Y19: =SUM(W19:X19) -> 5.41 | Z19: with IMT contract | AC19: 84 | AD19: 20
A20: =A19+1 -> 13 | B20: CASANRA CIS | C20: =C19+1 -> 13 | D20: CA-SAN-RA TABACO IRRIGATORS ASSOCIATION INC | E20: Purok 5, Cabangan, Tabaco City | F20: Efren B. Bombeta | G20: none | H20: 01-18-2020 | I20: 768-158-627 | J20: CN202070080 | K20: 03-02-2020 | L20: on process | M20: on process | N20: 11.9954 | O20: 11.9954 | P20: 17 | Q20: 17 | R20: 1 | S20: 11/19/2021 | T20: 11/19/2021 | U20: Non-Amortizing | V20: Operational | Y20: =SUM(W20:X20) -> 0 | Z20: without IMT contract | AC20: 8 | AD20: 2
A21: =A20+1 -> 14 | B21: COROCORO BELEN CIS | C21: =C20+1 -> 14 | D21: COBEGA FARMERS IRRIGATORS ASSOCIATION, INC. | E21: Corocoro, Tiwi, Albay | F21: Jose C. Arbo | G21: 09194826373 | H21: 42410 | I21: 485-420-506-000 | J21: CN201639196 | K21: 42514 | L21: on process | M21: on process | N21: 77.9005 | O21: 77.9005 | P21: 35 | Q21: 22 | R21: 1 | S21: 43137 | U21: Non-Amortizing | V21: Operational | W21: 2.393 | X21: 1.247 | Y21: =SUM(W21:X21) -> 3.64 | Z21: with IMT contract | AC21: 15 | AD21: 7
A22: =A21+1 -> 15 | B22: DIARO CIS | C22: =C21+1 -> 15 | D22: DIARO IRRIGATORS' ASSOCIATION, INC. | E22: Diaro, Malinao | F22: Julian C. Cascabel | G22: 09097417988 | H22: 31701 | I22: 004-981-065 | J22: 142714 | K22: 31980 | L22: 11247 | M22: 32379 | N22: 85.6152 | O22: 75.7889 | P22: 82 | Q22: 66 | R22: 3 | S22: 29589 | T22: 40837 | U22: Non-Amortizing | V22: Operational | W22: 2.49 | Y22: =SUM(W22:X22) -> 2.49 | Z22: with IMT contract | AC22: 53 | AD22: 13
A23: =A22+1 -> 16 | B23: Estancia-Labnig CIS | C23: =C22+1 -> 16 | D23: ESTANCIA LABNIG IRRIGATORS ASSN, INC. | E23: Estancia, Malinao | F23: Florante C. Bayonito | H23: 1991 | I23: 005-615-533 | J23: 192362 | K23: 33413 | L23: 14126 | M23: 34320 | N23: 153.8508 | O23: 153.8508 | P23: 130 | Q23: 80 | R23: 2 | S23: 34815 | T23: 40494 | U23: Non-Amortizing | V23: Operational | W23: 2.175 | X23: 1.244 | Y23: =SUM(W23:X23) -> 3.419 | Z23: with IMT contract | AC23: 64 | AD23: 16
C24: =C23+1 -> 17 | D24: LABNIG CIS IRRIGATORS' ASSOCIATION, INC | E24: Labnig, Malinao | F24: Pio B. Casi | G24: 09478793192 | H24: 2002 | I24: 296-930-972 | J24: CN200253494 | K24: 37505 | L24: 14125 | M24: 34320 | P24: 109 | Q24: 60 | R24: 2 | S24: 2008 | T24: 40494 | U24: Non-Amortizing | V24: Operational | W24: 4.753 | Y24: =SUM(W24:X24) -> 4.753 | Z24: with IMT contract | AC24: 48 | AD24: 12
A25: =A23+1 -> 17 | B25: FIDEL SURTIDA CIS | C25: =C24+1 -> 18 | D25: FISTOSAN IRRIGATORS ASSOCIATION, INC. | E25: Sto. Domingo, Albay | F25: Bernardo Cortuna | G25: 09308338312 | H25: 1998 | I25: 434-028-921 | J25: CN201228532 | K25: 40933 | L25: on process | M25: on process | N25: 100.0244 | O25: 100.0244 | P25: 117 | Q25: 97 | R25: 3 | S25: 30497 | T25: 2011 | U25: Fully Paid | V25: Operational | Y25: =SUM(W25:X25) -> 0 | Z25: without IMT contract | AC25: 99 | AD25: 24
A26: =A25+1 -> 18 | B26: GOGON CIS | C26: =C25+1 -> 19 | D26: VINICASAN IRRIGATORS' ASSOCIATION, INC. | E26: Vinisitahan, Bacacay | F26: Jose B. Bernarte Jr. | H26: 1980 | I26: 004-979-965 | J26: 156740 | K26: 32444 | L26: 11423 | M26: 32503 | N26: 152.7195 | O26: 152.7195 | P26: 150 | Q26: 143 | R26: 4 | S26: 29731 | T26: 41313 | U26: Non-Amortizing | V26: Operational | W26: 6.69 | X26: 0.8 | Y26: =SUM(W26:X26) -> 7.49 | Z26: with IMT contract | AC26: 118 | AD26: 30
A27: =A26+1 -> 19 | B27: GUBAT-HINDI CIS | C27: =C26+1 -> 20 | D27: HINDI- GUBAT IRAYA IRRIGATORS ASSOCIATION, INC. | E27: Bacacay, Albay | F27: Arnel B. Boholst | G27: 09637270904 | H27: 2000 | I27: 005-716-921 | J27: 97-001421 | K27: 35550 | L27: on process | M27: on process | N27: 43.8112 | O27: 43.8112 | P27: 99 | Q27: 93 | R27: 5 | S27: 37321 | T27: 41313 | U27: Non-Amortizing | V27: Operational | W27: 3.206 | X27: 0.894 | Y27: =SUM(W27:X27) -> 4.1 | Z27: with IMT contract | AC27: 85 | AD27: 8
A28: =A27+1 -> 20 | B28: GUINOBAT CIS | C28: =C27+1 -> 21 | D28: GUINOBAT IRRIGATORS ASSOCIATION, INC. | E28: Guinobat, Tabaco City | F28: Loreto B. Almonte | G28: 09162112170 | H28: 43116 | I28: 468-719-560 | J28: 201539189 | K28: 43233 | L28: on process | M28: on process | N28: 25.9485 | O28: 25.9485 | P28: 23 | Q28: 23 | R28: 2 | S28: 44418 | T28: 3/15/2024 | U28: Non-Amortizing | V28: non-operational | Y28: =SUM(W28:X28) -> 0 | Z28: without IMT contract | AC28: 18 | AD28: 5
A29: =A28+1 -> 21 | B29: HACIENDA DD | C29: =C28+1 -> 22 | D29: HACIENDA TABACO AGRARIAN FARMERS ASSOCIATION (HATAFA), INC. | E29: Hacienda, Tabaco | F29: Adelina L. Balingbing | G29: 09109284462 | H29: 36722 | I29: 461-351-581 | J29: 1200100167 | K29: 37069 | L29: on process | M29: on process | N29: 89.6423 | O29: 89.6423 | P29: 102 | Q29: 73 | R29: 2 | S29: 40317 | T29: 3/30/2015 | U29: Non-Amortizing | V29: Operational | W29: 2.769 | Y29: =SUM(W29:X29) -> 2.769 | Z29: with IMT contract | AC29: 72 | AD29: 8 | AL29: New entry/ new organized
A30: =A29+1 -> 22 | B30: LANGATON CIS | C30: =C29+1 -> 23 | D30: LANGATON SAN RAFAEL FARMERS IRRIGATORS ASSOCIATION, INC. | E30: Langaton, Bacacay | F30: BENITA P. APILLADA | G30: 09301347161 | H30: Feb, 2012 | I30: 475-777206-000 | J30: 201539473CN | K30: 42276 | L30: on process | M30: on process | N30: 17.9384 | O30: 17.9384 | P30: 35 | Q30: 12 | R30: 2 | S30: 41317 | T30: 41317 | U30: Non-Amortizing | V30: Operational | Y30: =SUM(W30:X30) -> 0 | Z30: without IMT contract | AC30: 24 | AD30: 6 | AL30: Not included in the inventory
A31: =A30+1 -> 23 | B31: LIBJO CIS | C31: =C30+1 -> 24 | D31: TIGBI BOLO LIBJO (TIBOLI) IRRIGATORS ASSOCIATION, INC, | E31: Libjo, Tiwi, Albay | F31: Gilberto C. Climacosa | G31: 09150078575 | H31: May 27,2012 | I31: 439-927-161-000 | J31: CN201232689 | K31: 41205 | L31: on process | M31: on process | N31: 69.9637 | O31: 69.9637 | P31: 100 | Q31: 34 | R31: 3 | S31: 41788 | T31: no more project implemented | U31: Non-Amortizing | V31: Operational | W31: 4.169 | X31: 0.143 | Y31: =SUM(W31:X31) -> 4.312 | Z31: with IMT contract | AC31: 29 | AD31: 5
A32: =A31+1 -> 24 | B32: MANAET CIS | C32: =C31+1 -> 25 | D32: MANAET SMALL FARMERS IRRIGATORS ASSOCIATION, INC. | E32: Manaet, Bacacay | F32: Efren B. Bongadillo | G32: 09103478424 | H32: 41343 | I32: 440-249-000 | J32: CN201329390 | K32: 41381 | L32: on process | M32: on process | N32: 8.5102 | O32: 7.814 | P32: 18 | Q32: 18 | R32: 1 | S32: 42130 | T32: 43201 | U32: Non-Amortizing | V32: Operational | Y32: =SUM(W32:X32) -> 0 | Z32: without IMT contract | AC32: 10 | AD32: 8
A33: =A32+1 -> 25 | B33: MARIROC CIS | C33: =C32+1 -> 26 | D33: TABACO IRRIGATORS' ASSOCIATION, INC. | E33: Matagbac, Tabaco | F33: Domingo B. Serrano | G33: 09306930864 | H33: 1980 | I33: 005-434-463 | J33: 158917 | K33: 32913 | L33: 11336 | M33: on process | N33: 189.3883 | O33: 177.1948 | P33: 222 | Q33: 117 | R33: 4 | S33: 30632 | T33: 41320 | U33: Non-Amortizing | V33: Operational | W33: 8.25 | Y33: =SUM(W33:X33) -> 8.25 | Z33: with IMT contract | AC33: 80 | AD33: 37
A34: =A33+1 -> 26 | B34: MATALIPNI CIS | C34: =C33+1 -> 27 | D34: MATALIPNI MALOLOS IRRIGATORS ASSOCIATION (MAMAIA), INC. | E34: Matalipni, Malinao, Albay | F34: Bernardo C. Canesa | G34: 09289579874 | H34: 42359 | I34: 486-007-444 | J34: CN201639195 | K34: 42514 | L34: on process | M34: on process | N34: 39.8862 | O34: 39.8862 | P34: 62 | Q34: 62 | R34: 2 | S34: 2/28/2017 | T34: 2/28/2017 | U34: Non-Amortizing | V34: Operational | W34: 0.993 | X34: 0.023 | Y34: =SUM(W34:X34) -> 1.016 | Z34: with IMT contract | AC34: 55 | AD34: 7
B35: ORAS - TABIGUIAN CIS | C35: =C34+1 -> 28 | D35: RAS-GUIAN TABACO IRRIGATORS ASSOCIATION Inc. | E35: Purok 5, Tabiguian, Tabaco City | F35: Clarito T. Bilardo | G35: none | H35: 01-16-2020 | I35: 767-273-189-000 | J35: CN202070067 | K35: 02-21-2020 | L35: on process | M35: on process | N35: 15 | O35: 15 | P35: 20 | Q35: 60 | R35: 1 | S35: 11/25/2021 | T35: 11/25/2021 | V35: non-operational | Y35: =SUM(W35:X35) -> 0 | Z35: without IMT contract | AC35: 24 | AD35: 6
A36: =A34+1 -> 27 | B36: SAGPAN KAN BANWA CIS | C36: =C35+1 -> 29 | D36: SAGPAN KAN BANWA IRRIGATORS ASSOCIATION INC. | E36: Awang, Malinao, Albay | F36: Henry B. Cervantes | G36: 09186572921 | H36: 43172 | I36: IRC0001130215 | J36: CN201809763 | K36: 43259 | L36: on process | M36: on process | N36: 146.0559 | O36: 146.0559 | P36: 91 | Q36: 52 | R36: 3 | S36: 44418 | T36: 44418 | U36: Non-Amortizing | V36: Operational | W36: 2.034 | X36: 4.202 | Y36: =SUM(W36:X36) -> 6.236 | Z36: with IMT contract | AC36: 42 | AD36: 10
A37: =A36+1 -> 28 | B37: SAN ANTONIO CIS | C37: =C36+1 -> 30 | D37: SAN ANTONIO TABACO IRRIGATORS' ASSOCIATION, INC. | E37: San Antonio, Tabaco City | F37: Guillermo Sardana | G37: 09204199352 | H37: 39975 | I37: 297-328-299 | J37: CN201029956 | K37: 40381 | L37: on process | M37: on process | N37: 39.2016 | O37: 39.2016 | P37: 148 | Q37: 48 | R37: 1 | S37: 40470 | T37: 40484 | U37: Fully Paid | V37: Operational | W37: 2.253 | Y37: =SUM(W37:X37) -> 2.253 | Z37: with IMT contract | AC37: 37 | AD37: 11
A38: =A37+1 -> 29 | B38: SAN FRANCISCO RIS | C38: =C37+1 -> 31 | D38: COLANOS TANGKALAO IA, INC. | E38: Tabaco/Malinao | F38: SALVADOR B. CASIN | G38: 09636521170 | H38: 40448 | I38: 406-583-897-000 | J38: CN201032353 | K38: 40519 | L38: on process | M38: on process | N38: 661.0387 | O38: 609.3483 | P38: 1461 | Q38: 1461 | R38: 4 | S38: 42591 | T38: 42591 | U38: Non-Amortizing | V38: Operational | W38: 2.423 | Y38: =SUM(W38:X38) -> 2.423 | Z38: with IMT contract | AC38: 1168 | AD38: 293
A39: =A38+1 -> 30 | B39: SOA CIS | C39: =C38+1 -> 32 | D39: SOA IRRIGATORS ASSOCIATION, INC. | E39: Soa, Malinao | F39: Crisanto Bon | G39: 09274145293 | H39: 1996 | I39: 005-714-898 | J39: 97-00141 | K39: 35550 | L39: on process | M39: on process | N39: 5.0395 | O39: 5.0395 | P39: 21 | Q39: 3 | R39: 1 | S39: 35699 | T39: 37379 | U39: Fully Paid | V39: Operational | Y39: =SUM(W39:X39) -> 0 | Z39: without IMT contract | AC39: 8 | AD39: 5
A40: =A39+1 -> 31 | B40: SSMISAN CIS | C40: =C39+1 -> 33 | D40: SAN FERNANDO STA. MISERICORDIA IRRIGATORS ASSOCIATION, INC. | E40: Misericordia, Sto. Domingo | F40: Nelson M. Balinquit | G40: 09097715309 | H40: 2009 | I40: 290-794-624 | J40: CN200931683 | K40: 40144 | L40: on process | M40: on process | N40: 28.5528 | O40: 28.5528 | P40: 85 | Q40: 85 | R40: 1 | S40: 2010 | T40: 2011 | U40: Fully Paid | V40: Operational | W40: 1.18 | Y40: =SUM(W40:X40) -> 1.18 | Z40: with IMT contract | AC40: 68 | AD40: 17
A41: =A40+1 -> 32 | B41: STA. TERESA CIS | C41: =C40+1 -> 34 | D41: STA. TERESA-SAN FRANCISCO IRRIGATORS ASSOCIATION, INC. | E41: San Francisco, Malilipot | F41: Deogracias P. Binalla, Jr. | G41: 09076554531 | H41: 1977 | I41: 067-004-982-708 | J41: 258000 | K41: 35646 | L41: 11592 | M41: 32609 | N41: 93.3236 | O41: 73.4986 | P41: 126 | Q41: 53 | R41: 2 | S41: 12/15/1978 | T41: 40578 | U41: Non-Amortizing | V41: Operational | W41: 2.308 | Y41: =SUM(W41:X41) -> 2.308 | Z41: with IMT contract | AC41: 42 | AD41: 11
A42: =A41+1 -> 33 | B42: TAGOYTOY CIS | C42: =C41+1 -> 35 | D42: TAGOYTOY IRRIGATORS ASSN, INC. | E42: Tagoytoy, Malinao | F42: Ariel C. Bonaobra | G42: 09706253513 | H42: 1998 | I42: 005-716-171-00 | J42: 98-00252 | K42: 36026 | L42: on process | M42: on process | N42: 61.7693 | O42: 61.7693 | P42: 88 | Q42: 88 | R42: 3 | S42: 37433 | T42: 40843 | U42: Non-Amortizing | V42: Operational | Y42: =SUM(W42:X42) -> 0 | Z42: without IMT contract | AC42: 54 | AD42: 41
A43: =A42+1 -> 34 | B43: TAMBILAGAO CIS | C43: =C42+1 -> 36 | D43: TAMBILAGAO FARMERS IRRIGATORS ASSOCIATION, INC. | E43: Tambilagao, Bacacay | F43: Efren V. Rasonabe | G43: none | H43: 41339 | I43: 440-249-000 | J43: 201333041 | K43: 41523 | L43: on process | M43: on process | N43: 7.4151 | O43: 7.4151 | P43: 15 | Q43: 12 | R43: 1 | S43: 41897 | T43: 41897 | U43: Non-Amortizing | V43: Operational | Y43: =SUM(W43:X43) -> 0 | Z43: without IMT contract | AC43: 10 | AD43: 2
A44: =A43+1 -> 35 | B44: TANABEGA CIS | C44: =C43+1 -> 37 | D44: FARMERS TANABEGA IRRIGATORS ASSOCIATION INC. | E44: Nagas, Tiwi, Albay | F44: Rommel C. Cirujales | G44: 09202552129 | H44: 43118 | I44: 010-075-395 | J44: CN201814154 | K44: 43298 | L44: on process | M44: on process | N44: 209.7914 | O44: 209.7914 | P44: 200 | Q44: 80 | R44: 3 | S44: 45575 | T44: 45575 | U44: Non-Amortizing | V44: Operational | W44: 5.53 | X44: 5.1 | Y44: =SUM(W44:X44) -> 10.63 | Z44: with IMT contract | AC44: 64 | AD44: 16
A45: =A44+1 -> 36 | B45: TANAGAN CIS | C45: =C44+1 -> 38 | D45: TANAGAN PALALI FARMERS IRRIGATORS ASSOCIATION, INC. | E45: Tanagan, Bacacay | F45: Arnulfo B. Balana | G45: 09816630331 | H45: 41379 | I45: NONE | J45: 201428597 | K45: 41696 | L45: on process | M45: on process | N45: 11.3573 | O45: 11.3573 | P45: 20 | Q45: 15 | R45: 1 | S45: 42130 | T45: 42130 | U45: Non-Amortizing | V45: Operational | Y45: =SUM(W45:X45) -> 0 | Z45: without IMT contract | AC45: 10 | AD45: 5
A46: =A45+1 -> 37 | B46: TANAWAN CIS | C46: =C45+1 -> 39 | D46: LAGBANOG COMMUNAL IRRIGATORS ASSOCIATION, INC. | E46: Balsa, Malinao | F46: Leon R. Bufete | G46: 09294788155 | H46: 31802 | I46: 004-981-032-000 | J46: 151404 | K46: 32281 | L46: 15923 | M46: 35458 | N46: 433.0037 | O46: 433.0037 | P46: 515 | Q46: 456 | R46: 14 | S46: 27664 | T46: 40561 | U46: Non-Amortizing | V46: Operational | W46: 6.784 | X46: 1.36 | Y46: =SUM(W46:X46) -> 8.144 | Z46: with IMT contract | AC46: 365 | AD46: 91
A47: =A46+1 -> 38 | B47: TUGAWE CIS | C47: =C46+1 -> 40 | D47: TUWOD3 IRRIGATORS ASSOCIATION, INC. | E47: Ilawod, Malilipot, Albay | F47: Edita B. Benavente | G47: 09478042014 | H47: 42823 | I47: 009-681-865 | J47: CN201717303 | K47: 42881 | L47: on process | M47: on process | N47: 43.8261 | O47: 43.8261 | P47: 67 | Q47: 67 | R47: 3 | S47: 43770 | T47: 43770 | U47: Non-Amortizing | V47: Operational | W47: 2.7914 | X47: 0.6 | Y47: =SUM(W47:X47) -> 3.3914 | Z47: with IMT contract | AC47: 54 | AD47: 13
A48: =A47+1 -> 39 | B48: TULIW-PAWA CIS | C48: =C47+1 -> 41 | D48: TULIW-PAWA IRRIGATORS' ASSOCIATION, INC. | E48: Tuliw, Malinao | F48: MARIA C. JEBULAN | G48: 09153982225 | H48: 1982 | I48: 004-981-032 | J48: 189407 | K48: 33345 | L48: 10726 | M48: 31744 | N48: 320.5143 | O48: 320.5143 | P48: 106 | Q48: 106 | R48: 2 | S48: 31682 | T48: 40410 | U48: Non-Amortizing | V48: Operational | W48: 2.673 | Y48: =SUM(W48:X48) -> 2.673 | Z48: with IMT contract | AC48: 86 | AD48: 20
A49: =A48+1 -> 40 | B49: UPPER-HINDI CIS | C49: =C48+1 -> 42 | D49: UPPER HINDI IRRIGATORS' ASSOCIATION, INC. | E49: Bacacay, Albay | F49: Wenifredo Barcelona | G49: 09156901854 | H49: 38997 | I49: 407-688-721-000 | J49: CN200726041 | K49: 39114 | L49: on process | M49: on process | N49: 17.1725 | O49: 17.1725 | P49: 28 | Q49: 28 | R49: 1 | S49: 09/18/2015 | T49: 09/18/2015 | U49: Non-Amortizing | V49: Operational | Y49: =SUM(W49:X49) -> 0 | Z49: without IMT contract | AC49: 29 | AD49: 7
A50: =A49 -> 40 | C50: =C49 -> 42 | N50: =SUM(N8:N49) -> 4269.0222 | O50: =SUM(O8:O49) -> 4172.6416 | P50: =SUM(P8:P49) -> 5549 | Q50: =SUM(Q8:Q49) -> 4351 | R50: =SUM(R8:R49) -> 108 | W50: =SUM(W8:W49) -> 88.6489 | X50: =SUM(X8:X49) -> 20.999 | Y50: =SUM(Y8:Y49) -> 109.6479
A51: Congressional District: 2
A52: 1 | B52: ALOBO-GAPO-INARADO CIS | C52: 1 | D52: GAPO ALOBO INARADO IRRIGATORS ASSOCIATION (GAIN-IA), INC. | E52: Inarado, Daraga, Albay | F52: Edwin N. Mata | G52: None | H52: 42846 | I52: 009-704-380 | J52: CN20171971 | K52: 42914 | L52: on process | M52: on process | N52: 79.5852 | O52: 79.5852 | P52: 80 | Q52: 53 | R52: 2 | S52: 2017 | T52: 1/28/2021 | U52: Non-Amortizing | V52: Operational | W52: 4.26 | X52: 3.19 | Y52: =SUM(W52:X52) -> 7.45 | Z52: with IMT contract | AC52: 42 | AD52: 11
A53: =A52+1 -> 2 | B53: ARIMBAY CIS | C53: 2 | D53: ARIMBAY IRRIGATORS ASSOCIATION, INC. | E53: Arimbay, Legazpi City | F53: Nixon A. Ramires | G53: 09691559850 | H53: 42343 | I53: 731-795-595 | J53: CN201639105 | K53: 42443 | L53: on process | M53: on process | N53: 15.1472 | O53: 15.1472 | P53: 26 | Q53: 22 | R53: 1 | S53: 2016 | U53: Non-Amortizing | V53: Operational | W53: 1.243 | X53: 0.53 | Y53: =SUM(W53:X53) -> 1.773 | Z53: with IMT contract | AC53: 17 | AD53: 5
A54: =A53+1 -> 3 | B54: BAGACAY CIS | C54: 3 | D54: SAN ANTONIO- BAGACAY FARMERS IRRIGATORS ASSOCIATION, INC. | E54: Bagacay, legazpi City | F54: Mariano A. Dexisne | G54: 09099260352 | H54: 2012 | I54: 428-668-089-000 | J54: 201232665 | K54: 41190 | L54: on process | M54: on process | N54: 9.8835 | O54: 9.8835 | P54: 24 | Q54: 24 | R54: 1 | S54: 41136 | T54: 41136 | U54: Non-Amortizing | V54: Operational | Y54: =SUM(W54:X54) -> 0 | Z54: without IMT contract | AC54: 20 | AD54: 4
A55: =A54+1 -> 4 | B55: BAGONG-ABRE CIS | C55: 4 | D55: BAGONG ABRE ARIMBAY IRRIGATORS ASSOCIATION, INC | E55: Bagong-Abre, Legaspi City | F55: Rico C. Miña | G55: 09076998645 | H55: 2013 | I55: 438-667-366 | J55: CN201330087 | K55: 41435 | L55: on process | M55: on process | N55: 22.8728 | O55: 22.8728 | P55: 54 | Q55: 10 | R55: 1 | S55: 12/17/2013 | T55: 1/27/2023 | U55: Non-Amortizing | V55: Operational | W55: 2.987 | Y55: =SUM(W55:X55) -> 2.987 | Z55: with IMT contract | AC55: 8 | AD55: 2
A56: =A55+1 -> 5 | B56: BALASBAS CIS | C56: 5 | D56: BALASBAS IRRIGATORS ASSOCIATION, INC. | E56: Balasbas, Manito Albay | F56: REYNALDO A. MABELIN | G56: 09274145293 | H56: 1991 | I56: 004-979-957 | J56: 191610 | K56: 33394 | L56: 014099/014100 | M56: 34299 | N56: 58.0108 | O56: 58.0108 | P56: 88 | Q56: 58 | R56: 4 | S56: 33812 | T56: 43248 | U56: Non-Amortizing | V56: Operational | W56: 3.25 | Y56: =SUM(W56:X56) -> 3.25 | Z56: with IMT contract | AC56: 47 | AD56: 38
A57: =A56+1 -> 6 | B57: BAMBAN CIS | C57: 6 | D57: UPPER BAMBAN IRRIGATORS ASSOCIATION, INC. | E57: Bamban, Manito, Albay | F57: Alberto A. Briones | G57: 09480445492 | H57: 43427 | I57: 010-369-202 | J57: CN201912422 | K57: 43672 | N57: 10.3421 | O57: 10.3421 | P57: 22 | Q57: 22 | R57: 1 | S57: NOT yet accepted by farmers (for approval) | U57: Non-Amortizing | V57: Operational | Y57: =SUM(W57:X57) -> 0 | Z57: with IMT contract | AC57: 40 | AD57: 10
A58: =A57+1 -> 7 | B58: BANQUEROHAN CIS | C58: 7 | D58: SIDABA IRRIGATORS ASSOCIATION, INC. | E58: Banquerohan, Legazpi City | F58: Edillberto A. Jero | G58: 092172111034 | H58: 1999 | I58: 005-715-815 | J58: 200000345 | K58: 36837 | L58: 7830 | M58: 2000 | N58: 14.7068 | O58: 14.7068 | P58: 51 | Q58: 42 | R58: 1 | S58: 38034 | T58: 40622 | U58: Non-Amortizing | V58: Operational | Y58: =SUM(W58:X58) -> 0 | Z58: without IMT contract | AC58: 34 | AD58: 8
A59: =A58+1 -> 8 | B59: BUENAVISTA CIS | C59: 8 | D59: UPPER BUENAVISTA LEGAZPI IRRIGATORS ASSOCIATION UBLIA, INC. | E59: Buenavista, Legazpi City | F59: Bernardo A. Magracia | G59: None | H59: 42804 | I59: 009-696-338 | J59: 201718750 | K59: 42940 | L59: on process | M59: on process | N59: 4.005 | O59: 4.005 | P59: 20 | Q59: 16 | R59: 1 | S59: 43468 | T59: 1/19/2019 | U59: Non-Amortizing | V59: Operational | Y59: =SUM(W59:X59) -> 0 | Z59: without IMT contract | AC59: 10 | AD59: 7
A60: =A59+1 -> 9 | B60: BUYO CIS | C60: 9 | D60: BUYO IRRIGATORS' ASSOCIATION, INC. | E60: Buyo, Manito, Albay | F60: Rogelio D Dalde Jr. | G60: 09101311023 | H60: 1986 | I60: 005-714-601 | J60: 152631 | K60: 32321 | L60: 11288 | M60: 32412 | N60: 49.2149 | O60: 49.2149 | P60: 88 | Q60: 88 | R60: 4 | S60: 29402 | T60: 43437 | U60: Non-Amortizing | V60: Operational | W60: 2.721 | Y60: =SUM(W60:X60) -> 2.721 | Z60: with IMT contract | AC60: 70 | AD60: 18
A61: =A60+1 -> 10 | B61: BUYO-ILAWOD CIS | C61: 10 | D61: WEST BUYO IRRIGATORS ASSOCIATION OF ILAWOD, Inc. | E61: Buyo, Manito, Albay | F61: Niňo D. Daz | G61: 09507891581 | H61: 40613 | I61: 426-038-265 | J61: 201133332 | K61: 40875 | L61: on process | M61: on process | N61: 30.5995 | O61: 30.5995 | P61: 71 | Q61: 65 | R61: 3 | S61: 41593 | T61: 8/20/2020 | U61: Non-Amortizing | V61: Operational | W61: 3.74 | X61: 0.91 | Y61: =SUM(W61:X61) -> 4.65 | Z61: with IMT contract | AC61: 52 | AD61: 13
A62: =A61+1 -> 11 | B62: CABRARAN-PEQUEÑO CIS | C62: 11 | D62: CABRARAN PEQUEÑO FARMERS & IRRIGATORS ASSOCIATION, INC. | E62: Cabraran Pequeño, Camalig, Albay | F62: Nelson M. Marqueses | G62: 09637798647 | H62: 42789 | I62: 009-665-040 | J62: CN201715616 | K62: 42870 | L62: on process | M62: on process | N62: 15.9473 | O62: 15.9473 | P62: 35 | Q62: 35 | R62: 2 | S62: 11/06/2000 | U62: Non-Amortizing | V62: Operational | W62: 1.016 | X62: 0.52 | Y62: =SUM(W62:X62) -> 1.536 | Z62: with IMT contract | AC62: 28 | AD62: 7
A63: =A62+1 -> 12 | B63: CAGSAWA CIS | C63: 12 | D63: BUFAS-BUSAY FARMERS ASSOCIATION, INC. | E63: Busay, Daraga, Albay | F63: Shane Matocinos | G63: 09504716934 | H63: 10-2019 | I63: 757-136-013 | J63: CN201970173 | K63: 11-8-2019 | L63: on process | M63: on process | N63: 24.9932 | O63: 24.9932 | P63: 92 | Q63: 86 | R63: 2 | S63: 44988 | T63: 44988 | U63: Non-Amortizing | V63: Operational | Y63: =SUM(W63:X63) -> 0 | AC63: 77 | AD63: 19
A64: =A63+1 -> 13 | B64: CAWAYAN CIS | C64: 13 | D64: CAWAYAN MANITO RIVERSIDE IRRIGATORS ASSOCIATION, INC. | E64: Cawayan, Manito Albay | F64: Senen B. Mabelin | G64: 09168893585 | H64: 2013 | I64: 436-160-155 | J64: CN201330039 | K64: 41403 | L64: on process | M64: on process | N64: 22.4492 | O64: 22.4492 | P64: 70 | Q64: 25 | R64: 1 | S64: 42242 | U64: Non-Amortizing | V64: Operational | Y64: =SUM(W64:X64) -> 0 | Z64: without IMT contract | AC64: 40 | AD64: 10
A65: =A64+1 -> 14 | B65: COTMON CIS | C65: 14 | D65: HIGOS-COTMON IRRIGATORS ASSOCIATION, INC. | E65: Cotmon, Camalig | F65: Rizalino M. Morcoso | G65: 09276576554 | H65: 2009 | I65: 286-107-655-000 | J65: 20093168 | K65: 40116 | L65: on process | M65: on process | N65: 39.7762 | O65: 39.7762 | P65: 72 | Q65: 58 | R65: 2 | S65: 40275 | T65: 40688 | U65: Non-Amortizing | V65: Operational | Y65: =SUM(W65:X65) -> 0 | Z65: without IMT contract | AC65: 46 | AD65: 12
A66: =A65+1 -> 15 | B66: DITA CIP | C66: 15 | D66: BARANGAY 45 DITA IRRIGATORS ASSOCIATION, INC. | E66: Dita, Legazpi City | F66: Perfecto R. Barcelona | G66: 09162465928 | H66: 42231 | I66: 486-306-886 | J66: CN201639257 | K66: 42542 | L66: on process | M66: on process | N66: 18.6285 | O66: 18.6285 | P66: 30 | Q66: 25 | R66: 1 | S66: 42901 | T66: 42901 | U66: Non-Amortizing | V66: Operational | W66: 1.3895 | X66: 0.52 | Y66: =SUM(W66:X66) -> 1.9095 | Z66: with IMT contract | AC66: 20 | AD66: 10
A67: =A66+1 -> 16 | B67: GABAWAN CIS | C67: 16 | D67: GABAWAN IRRIGATORS FARMERS IRRIGATORS ASSN. INC. | E67: Gabawan, Daraga | F67: Winifredo Arimado | G67: 09053289807 | H67: 1990 | I67: NONE | J67: 185209 | K67: 33205 | L67: on process | M67: on process | N67: 40.8162 | O67: 35.2219 | P67: 37 | Q67: 37 | R67: 1 | S67: 2/15/2012 | T67: 2/15/2012 | U67: Non-Amortizing | V67: Operational | Y67: =SUM(W67:X67) -> 0 | Z67: without IMT contract | AC67: 54 | AD67: 13
A68: =A67+1 -> 17 | B68: GAPO CIS | C68: 17 | D68: LISTO-GAPO IRRIGATORS ASSOCIATION (LGIA), INC. | E68: Gapo Camalig | F68: Lobella Nobleza | G68: 09159675851 | H68: 2009 | I68: 284-033-423 | J68: 200930487 | K68: 40078 | L68: on process | M68: on process | N68: 12.4582 | O68: 12.4582 | P68: 45 | Q68: 42 | R68: 2 | S68: 40309 | T68: 40309 | U68: Non-Amortizing | V68: Operational | W68: 0.54 | X68: 1.352 | Y68: =SUM(W68:X68) -> 1.892 | Z68: with IMT contract | AC68: 33 | AD68: 9
A69: =A68+1 -> 18 | B69: ILAWOD CAMALIG CIS | C69: 18 | D69: ILAWOD CAMALIG FARMERS IRRIGATORS ASSOCIATION, INC. | E69: Ilawod, Camalig, Albay | F69: Antonio A. Magracia | G69: 09104227539 | H69: 41692 | I69: 449-324-518 | J69: 201428591 | K69: 41694 | L69: on process | M69: on process | N69: 109.5732 | O69: 109.5732 | P69: 120 | Q69: 106 | R69: 2 | S69: not accepted by farmers due to no source of water | U69: Non-Amortizing | V69: Operational | W69: 6.515 | X69: 0.693 | Y69: =SUM(W69:X69) -> 7.208 | Z69: with IMT contract | AC69: 85 | AD69: 21
A70: =A69+1 -> 19 | B70: INANG MAHARANG CIS | C70: 19 | D70: NAGOTGOT INANG MAHARANG IRRIGATORS ASSOCIATION (NIMIA), INC. | E70: Nagotgot, Manito, Albay | F70: Celedonio A. Dadap | G70: 09706241464 | H70: 42823 | I70: 009-665-427 | J70: CN201715654 | K70: 42870 | L70: on process | M70: on process | N70: 49.8106 | O70: 49.8106 | P70: 70 | Q70: 62 | R70: 1 | S70: NOT yet accepted by farmers (for approval) | U70: Non-Amortizing | V70: Operational | W70: 3.508 | Y70: =SUM(W70:X70) -> 3.508 | Z70: with IMT contract | AC70: 56 | AD70: 14
A71: =A70+1 -> 20 | B71: ITBA CIS | C71: 20 | D71: ITBA IRRIGATORS ASSOCIATION INC. | E71: Itba, Manito, Albay | F71: Noel A. Guillermo | G71: 09503146420 | H71: 43146 | I71: 010-087-219 | J71: CN2015308 | K71: 43308 | L71: on process | M71: on process | N71: 21.6899 | O71: 20.3726 | P71: 43 | Q71: 43 | R71: 1 | S71: 44471 | T71: 44471 | U71: Non-Amortizing | V71: Operational | W71: 1.13212 | X71: 1.142 | Y71: =SUM(W71:X71) -> 2.27412 | Z71: with IMT contract | AC71: 39 | AD71: 9
A72: =A71+1 -> 21 | B72: KAMANITOHAN CIS | C72: 21 | D72: KAMANITOHAN ARC IRRIGATORS ASSOCIATION, INC. | E72: Pawa, Manito Albay | F72: Honorato B. Poche | G72: 09051820144 | H72: 2005 | I72: 005-437-022-000 | J72: 200530562 | K72: 38681 | L72: on process | M72: on process | N72: 298.0287 | O72: 298.0287 | P72: 274 | Q72: 270 | R72: 11 | S72: 40466 | T72: 43438 | U72: Non-Amortizing | V72: Operational | W72: 13.388 | Y72: =SUM(W72:X72) -> 13.388 | Z72: with IMT contract | AC72: 216 | AD72: 54
A73: =A72+1 -> 22 | B73: KIMAHAT CIS | C73: 22 | D73: BANBAN KIMAHAT IRRIGATORS ASSOCIATION(BAKIA), INC. | E73: Banban, Manito, Albay | F73: ANTONIO D. LORENZANA | G73: 09173328762 | H73: 42801 | I73: 009-896-110 | J73: 201738963 | K73: 43062 | L73: on process | M73: on process | N73: 44.1058 | O73: 44.1058 | P73: 30 | Q73: 14 | R73: 2 | S73: 2017 | T73: 45179 | U73: Non-Amortizing | V73: Operational | W73: 2.815 | X73: 0.166 | Y73: =SUM(W73:X73) -> 2.981 | Z73: with IMT contract | AC73: 24 | AD73: 6
A74: =A73+1 -> 23 | B74: LIBOD-BARIW CIS | C74: 23 | D74: LIBOD-BARIW-MINTO IRRIGATORS' ASSOCIATION, INC. | E74: Libod, Camalig | F74: Adan V. Sabdao | G74: 09086306592 | H74: 1988 | I74: 004-199-151 | J74: 195321 | K74: 33462 | L74: 14128 | M74: 34320 | N74: 89.66 | O74: 89.66 | P74: 172 | Q74: 105 | R74: 3 | S74: 29288 | T74: 40627 | U74: Non-Amortizing | V74: Operational | W74: 4.234 | Y74: =SUM(W74:X74) -> 4.234 | Z74: with IMT contract | AC74: 84 | AD74: 21
A75: =A74+1 -> 24 | B75: LIGBAN CIS | C75: 24 | D75: LIGBAN FARMERS IRRIGATORS ASSOCIATION, INC. | E75: Ligban, Camalig | F75: Frumencio M. Nieva | G75: 09953995133 | H75: 2009 | I75: 284-036-899 | J75: 20093160 | K75: 40091 | L75: on process | M75: on process | N75: 72.641 | O75: 72.641 | P75: 100 | Q75: 100 | R75: 2 | S75: 40277 | T75: 41320 | U75: Non-Amortizing | V75: Operational | W75: 7.296 | X75: 0.504 | Y75: =SUM(W75:X75) -> 7.8 | Z75: with IMT contract | AC75: 80 | AD75: 20
A76: =A75+1 -> 25 | B76: MABINI CIS | C76: 25 | D76: MABINI PINAGLABAN IRRIGATORS ASSOCIATION, INC. | E76: Mabini, Daraga, Albay | F76: Rolando Ll. Miraflor | G76: 09995106283 | H76: 42722 | I76: 009-638-111-000 | J76: CN201712923 | K76: 42844 | L76: on process | M76: on process | N76: 12.6884 | O76: 12.6884 | P76: 18 | Q76: 18 | R76: 1 | S76: 44167 | T76: 44167 | U76: Non-Amortizing | V76: Operational | W76: 1.147 | Y76: =SUM(W76:X76) -> 1.147 | Z76: with IMT contract | AC76: 10 | AD76: 8
A77: =A76+1 -> 26 | B77: MABINIT CIS | C77: 26 | D77: MABONGA IRRIGATORS ASSOCIATION INC. | E77: Mabinit, Legazpi | F77: Romeo A. Nuñez | G77: None | H77: 2009 | I77: none | J77: 2010-299570 | K77: 40381 | L77: on process | M77: on process | N77: 15.8955 | O77: 15.8343 | P77: 64 | Q77: 27 | R77: 2 | S77: 40142 | T77: 40142 | U77: Non-Amortizing | V77: Operational | Y77: =SUM(W77:X77) -> 0 | Z77: without IMT contract | AC77: 21 | AD77: 6
A78: =A77+1 -> 27 | B78: MALOBAGO CIS | C78: 27 | D78: MD IRRIGATORS ASSOCIATION, Inc. | E78: Malobago, Daraga, Albay | F78: Danilo A. Miranda | G78: 09634110698 | H78: 43166 | I78: 010-230-810 | J78: CN201849013 | K78: 43767 | L78: on process | M78: on process | N78: 9.0094 | O78: 9.0094 | P78: 64 | Q78: 55 | R78: 1 | S78: 43263 | T78: 43263 | U78: Non-Amortizing | V78: Operational | W78: 0.29 | X78: 1.221 | Y78: =SUM(W78:X78) -> 1.511 | Z78: with IMT contract | AC78: 44 | AD78: 11
A79: =A78+1 -> 28 | B79: MANAWAN QUINARTILAN CIS | C79: 28 | D79: MANAWAN CAMALIG SMALL FARMERS ASSOCIATION (MCSFA), INC. | E79: Manawan, Camalig Albay | F79: Dante O. Nuñez, Jr. | G79: 09079943088 | H79: 41284 | I79: 447-987-041 | J79: 201329301 | K79: 41327 | L79: on process | M79: on process | N79: 64.1343 | O79: 64.1343 | P79: 68 | Q79: 32 | R79: 4 | S79: 44083 | T79: 10/22/2021 | U79: Non-Amortizing | V79: Operational | W79: 0.816 | X79: 3.5341 | Y79: =SUM(W79:X79) -> 4.3501 | Z79: with IMT contract | AC79: 25 | AD79: 7
A80: =A79+1 -> 29 | B80: MANCAO CIS | C80: 29 | D80: MANCAO RAPU-RAPU IRRIGATORS ASSOCIATION (MARIA), INC. | E80: Mancao, Rapu-rapu, Albay | F80: Felipe B. Bombales, Jr. | G80: 09286577566 | H80: 42818 | I80: 009-657-437 | J80: CN201714855 | K80: 42863 | L80: on process | M80: on process | N80: 21.8696 | O80: 21.8696 | P80: 35 | Q80: 33 | R80: 1 | S80: NOT yet accepted by farmers (for approval) | U80: Non-Amortizing | V80: Operational | W80: 2.014 | X80: 0.1 | Y80: =SUM(W80:X80) -> 2.114 | Z80: without IMT contract | AC80: 25 | AD80: 8
A81: =A80+1 -> 30 | B81: MATANAG CIS | C81: 30 | D81: MAGAYON MAYA IRRIGATORS ASSOCIATION, INC. | E81: Matanag, Legazpi City | F81: Emerenciana B. Barcelona | G81: 09066814939 | H81: 41720 | I81: NONE | J81: 2023050098792-06 | K81: 45235 | L81: on process | M81: on process | N81: 33.2758 | O81: 33.2758 | P81: 79 | Q81: 18 | R81: 1 | S81: 8/20/2015 | U81: Non-Amortizing | V81: Operational | Y81: =SUM(W81:X81) -> 0 | Z81: without IMT contract | AC81: 43 | AD81: 25
A82: =A81+1 -> 31 | B82: NAMANTAO CIS | C82: 31 | D82: NAMANTAO DARAGA IRRIGATORS ASSOCIATION, INC. | E82: Namantao, Daraga, Albay | F82: Henry M. Majadillas | G82: 09673617549 | H82: 41675 | I82: 449-081-684 | J82: 20143121 | K82: 41704 | L82: on process | M82: on process | N82: 15.9136 | O82: 15.9136 | P82: 22 | Q82: 22 | R82: 1 | S82: 10/4/2016 | U82: Non-Amortizing | V82: Operational | W82: 0.226 | X82: 0.434 | Y82: =SUM(W82:X82) -> 0.66 | Z82: with IMT contract | AC82: 18 | AD82: 4
A83: =A82+1 -> 32 | B83: PADANG CIS | C83: 32 | D83: PADANG LEGAZPI IRRIGATORS ASSOCIATION, INC. | E83: Padang, Legazpi City | F83: Manuel Alagaban | G83: 09478526728 | H83: 42715 | I83: 009-649-726 | J83: CN201714084 | K83: 42857 | L83: on process | M83: on process | N83: 34.9738 | O83: 34.9738 | P83: 89 | Q83: 20 | R83: 1 | S83: 44084 | U83: Non-Amortizing | V83: Operational | Y83: =SUM(W83:X83) -> 0 | Z83: without IMT contract | AC83: 16 | AD83: 4
A84: =A83+1 -> 33 | B84: PANDAN-BONGALON CIS | C84: 33 | D84: PANBONG IRRIGATORS' ASSOCIATION, INC. | E84: Pandan, Daraga | F84: Simeon L. de Luna | G84: 09481395790 | H84: 1988 | I84: 004-979-932 | J84: 156884 | K84: 32454 | L84: on process | M84: on process | N84: 28.2803 | O84: 28.2803 | P84: 49 | Q84: 49 | R84: 3 | S84: 32347 | T84: 39588 | U84: Non-Amortizing | V84: Operational | W84: 1.721 | X84: 0.198 | Y84: =SUM(W84:X84) -> 1.919 | Z84: with IMT contract | AC84: 39 | AD84: 10
A85: =A84+1 -> 34 | B85: PAWA-RAWIS I CIS | C85: 34 | D85: PAWA RAWIS FARMERS IRRIGATORS ASSN, INC. | E85: Pawa, Legazpi | F85: Edson A. Ador | G85: 09703067655 | H85: 2011 | I85: 421-606-296-000 | J85: CN201133506 | K85: 40893 | L85: on process | M85: on process | N85: 64.7309 | O85: 57.3645 | P85: 36 | Q85: 35 | R85: 2 | S85: 40884 | T85: 40884 | U85: Fully Paid | V85: Operational | Y85: =SUM(W85:X85) -> 0 | Z85: without IMT contract | AC85: 28 | AD85: 7
A86: =A85+1 -> 35 | B86: QUINARTILAN CIS | C86: 35 | D86: QUINUARTILAN CAMALIG FARMERS & IRRIGATORS ASSOCIATION, INC. | E86: Quinartilan, Camalig, Albay | F86: Zaldy M. Nocomora | G86: 09089204866 | H86: 42799 | I86: 009-665-033 | J86: CN201715615 | K86: 42870 | L86: on process | M86: on process | N86: 29.6758 | O86: 29.6758 | P86: 35 | Q86: 35 | R86: 2 | S86: 03/09/2000 | U86: Non-Amortizing | V86: Operational | W86: 2.987 | X86: 1.299 | Y86: =SUM(W86:X86) -> 4.286 | Z86: with IMT contract | AC86: 28 | AD86: 7
A87: =A86+1 -> 36 | B87: QUIRANGAY CIP | C87: 36 | D87: BASUD-QUIRANGAY IRRIGATORS ASSOCIATION, INC. | E87: Quirangay, Camalig Albay | F87: Jessie G. Moyo | G87: 09073178668 | H87: 41671 | I87: 451-185-479 | J87: 201430164 | K87: 41730 | L87: on process | M87: on process | N87: 41.7919 | O87: 37.8967 | P87: 60 | Q87: 30 | R87: 1 | S87: not accepted by farmers due to no source of water | U87: Non-Amortizing | V87: non-Operational as per inventory due to absent of water source | Y87: =SUM(W87:X87) -> 0 | Z87: without IMT contract | AC87: 24 | AD87: 6
A88: =A87+1 -> 37 | B88: RAPU-RAPU CIS | C88: 37 | D88: STA. FLORENTINA FARMERS IRRIGATORS ASSOCIATION, INC. | E88: Poblacion, Rapu-Rapu | F88: Erasmo G. de la Cruz | G88: 09633396706 | H88: 41326 | I88: 429-303-684 | J88: 201329380 | K88: 41368 | L88: on process | M88: on process | N88: 63.2072 | O88: 63.2072 | P88: 85 | Q88: 60 | R88: 2 | S88: 42719 | U88: Non-Amortizing | V88: Operational | W88: 3.201 | Y88: =SUM(W88:X88) -> 3.201 | Z88: with IMT contract | AC88: 48 | AD88: 32
A89: =A88+1 -> 38 | B89: SAN FRANCISCO CIS | C89: 38 | D89: SAN FRANCISCO KASAKALIKASAN IRRIGATOR'S ASSOCIATION (SAFKIA), INC. | E89: San Francisco, Legazpi City | F89: Ronaldo P. Aringo | G89: 09283603109 | H89: 2004 | I89: NONE | J89: 200425878 | K89: 38054 | L89: on process | M89: on process | N89: 52.9727 | O89: 46.2241 | P89: 65 | Q89: 30 | R89: 4 | S89: 40313 | T89: 40905 | U89: Non-Amortizing | V89: Operational | W89: 4.196 | X89: 0.23 | Y89: =SUM(W89:X89) -> 4.426 | Z89: with IMT contract | AC89: 25 | AD89: 8
A90: =A89+1 -> 39 | B90: SAN JOAQUIN BIGAA CIS | C90: 39 | D90: Ricefield Irrigators Agricultural Inc. | E90: Bigaa, Legazpi City | F90: Emelene A. Abiera | G90: 09701169196 | H90: 2013 | I90: 438-808-534-000 | J90: on process | K90: on process | L90: on process | M90: on process | N90: 41.8346 | O90: 41.8346 | P90: 70 | Q90: 15 | R90: 1 | S90: 41880 | U90: Non-Amortizing | V90: Operational | Y90: =SUM(W90:X90) -> 0 | Z90: without IMT contract | AC90: 77 | AD90: 19
A91: =A90+1 -> 40 | B91: SAN JOSE MASLOG CIS | C91: 40 | D91: MASLOG-SAN JOSE FARMERS IRRIGATORS' ASSOCIATION INC. | E91: Maslog, Legazpi City | F91: Roy B. Alamil | G91: none | H91: 2013 | I91: NONE | J91: CN201330061 | K91: 41416 | L91: on process | M91: on process | N91: 19.9248 | O91: 19.9248 | P91: 30 | Q91: 23 | R91: 1 | S91: 42310 | T91: no more project implemented | U91: Non-Amortizing | V91: Operational | Y91: =SUM(W91:X91) -> 0 | Z91: without IMT contract | AC91: 20 | AD91: 4
A92: =A91+1 -> 41 | B92: SUA CIS | C92: 41 | D92: SUA CAMALIG COMMUNAL IRRIGATORS ASSOCIATION INC. | E92: Sua, Camalig Albay | F92: Romualdo Solano | G92: 09089127575 | H92: 41411 | I92: NONE | J92: CN201428537 | K92: 41661 | L92: on process | M92: on process | N92: 18.854 | O92: 18.854 | P92: 35 | Q92: 29 | R92: 1 | S92: 5/16/2021 | T92: 5/16/2021 | U92: Non-Amortizing | V92: Operational | Y92: =SUM(W92:X92) -> 0 | Z92: without IMT contract | AC92: 23 | AD92: 6
A93: =A92+1 -> 42 | B93: TAGAS ALCALA KILICAO CIS | C93: 42 | D93: ALCALA KILICAO TAGAS IRRIGATORS ASSOCIATION (ALKITAG IA),INC. | E93: Kilicao, Daraga, Albay | F93: Zaldy Mayor | G93: 09396526144 | H93: 42784 | I93: 009-624-955 | J93: CN201711606 | K93: 42828 | L93: on process | M93: on process | N93: 54.8046 | O93: 54.8046 | P93: 58 | Q93: 50 | R93: 2 | S93: NOT yet accepted by farmers (for approval) | U93: Non-Amortizing | V93: Operational | Y93: =SUM(W93:X93) -> 0 | Z93: without IMT contract | AC93: 40 | AD93: 10
A94: =A93+1 -> 43 | B94: TAMAOYAN CIS | C94: 43 | D94: TAMAOYAN IRRIGATORS ASSOCIATION, INC. | E94: Tamaoyan, Legazpi City | F94: Jose P. Baria | G94: None | H94: 2013 | I94: 438-667-446-000 | J94: CN20133080308 | K94: 41444 | L94: on process | M94: on process | N94: 23.9259 | O94: 21.5215 | P94: 35 | Q94: 30 | R94: 1 | S94: 41519 | U94: Non-Amortizing | V94: Operational | W94: 1.332 | X94: 0.755 | Y94: =SUM(W94:X94) -> 2.087 | Z94: with IMT contract | AC94: 24 | AD94: 6
A95: =A94+1 -> 44 | B95: UPPER LIBOD CIS | C95: 44 | D95: USWAG MILIBAS IRRIGATORS ASSOCIATION, INC. | E95: Libod, Camalig | F95: Rogelio M. Pardinas | G95: 09192805209 | H95: 41334 | I95: 435-769-421 | J95: No data | K95: No data | L95: on process | M95: on process | N95: 89.548 | O95: 86.8449 | P95: 172 | Q95: 45 | R95: 3 | S95: 4/18/2014 | U95: Non-Amortizing | V95: Operational | W95: 1.968 | X95: 1 | Y95: =SUM(W95:X95) -> 2.968 | Z95: with IMT contract | AC95: 36 | AD95: 9
A96: =COUNT(A52:A95) -> 44 | C96: =COUNT(C52:C95) -> 44 | N96: =SUM(N52:N95) -> 1892.2569 | O96: =SUM(O52:O95) -> 1862.1664 | P96: =SUM(P52:P95) -> 2883 | Q96: =SUM(Q52:Q95) -> 2064 | R96: =SUM(R52:R95) -> 87 | W96: =SUM(W52:W95) -> 79.93262 | X96: =SUM(X52:X95) -> 18.2981 | Y96: =SUM(Y52:Y95) -> 98.23072
A97: Congressional District: 3
A98: 1 | B98: AGOS-STA.CRUZ CIS | C98: 1 | D98: AGOS-STA. CRUZ-SAN AGUSTIN IRRIGATORS ASSOCIATION, INC. | E98: Agos, Polangui | F98: Dioscoro C. Putian | G98: 09079199213 | H98: 1978 | I98: 004-980-056 | J98: 82319 | K98: 28774 | L98: 11369 | M98: 32470 | N98: 449.2906 | O98: 449.2906 | P98: 600 | Q98: 214 | R98: 3 | S98: 31768 | T98: 39625 | U98: v | V98: Operational | W98: 4.26 | X98: 4.011 | Y98: =SUM(W98:X98) -> 8.271 | Z98: with IMT contract | AC98: 172 | AD98: 42
A99: =A98+1 -> 2 | B99: ALLANG CIS | C99: =C98+1 -> 2 | D99: ALLANG COMMUNAL IRRIGATORS ASSOCIATION, INC. | E99: Allang, Ligao | F99: Ernesto C. Cleofe | G99: 09292735089 | H99: 2002 | I99: 435-025-395 | J99: 200200011 | K99: 37278 | L99: on process | M99: on process | N99: 79.7022 | O99: 79.7022 | P99: 85 | Q99: 65 | R99: 1 | S99: 04/26/2014 | U99: Non-Amortizing | V99: Operational | W99: 2.32 | X99: 0.934 | Y99: =SUM(W99:X99) -> 3.254 | Z99: with IMT contract | AC99: 52 | AD99: 13
A100: =A99+1 -> 3 | B100: APUD-RAWIS CIS | C100: =C99+1 -> 3 | D100: ARIA IRRIGATORS' ASSOCIATION, INC. | E100: Apud, Libon | F100: Ariel B. Riparip | G100: 09505169591 | H100: 1987 | I100: 004-980-099 | J100: 169942 | K100: 32807 | L100: on process | M100: on process | N100: 194.0548 | O100: 194.0548 | P100: 155 | Q100: 141 | R100: 3 | S100: 30811 | T100: 39562 | U100: Non-Amortizing | V100: Operational | W100: 3.486 | X100: 1.75 | Y100: =SUM(W100:X100) -> 5.236 | Z100: with IMT contract | AC100: 112 | AD100: 29
...
