Workbook

Sheet Summary
C4: Employment Status | D4: Number of Employees
C5: PERMANENT/CO-TERMINUS | D5: ='REGIONAL OFFICE'!D170+ACIMO!D153+CNIMO!D105+CSIMO!D265+SMIMO!D114 -> 126
C6: CASUAL (COB) | D6: ='REGIONAL OFFICE'!D171+ACIMO!D154+CNIMO!D106+CSIMO!D266+SMIMO!D115 -> 147
C7: CASUAL (Project-Charged) | D7: ='REGIONAL OFFICE'!D172+ACIMO!D155+CNIMO!D107+CSIMO!D267+SMIMO!D116 -> 46
C8: JOB ORDER | D8: ='REGIONAL OFFICE'!D173+ACIMO!D156+CNIMO!D108+CSIMO!D268+SMIMO!D117 -> 275
C9: CONTRACT OF SERVICE | D9: ='REGIONAL OFFICE'!D174+ACIMO!D157+CNIMO!D109+CSIMO!D269+SMIMO!D118 -> 93
C10: Total | D10: ='REGIONAL OFFICE'!D175+ACIMO!D158+CNIMO!D110+CSIMO!D270+SMIMO!D119 -> 687

Sheet REGIONAL OFFICE
A1: AS OF JULY 2026
A2: PERMANENT/CO-TERMINUS
A3: No. | B3: ID No. | C3: Name | D3: Designation / Position | E3: Sex | F3: Date of Birth | G3: Office
A4: =1 -> 1 | B4: 163547 | C4: Albia, Jiselle E. | D4: Chief, Finance Section/Chief Corporate Accountant B | E4: F | F4: 08/21/1988 | G4: Finance Section
A5: =A4+1 -> 2 | B5: 620930 | C5: Amisola, Jonnah Rose R. | D5: Engineering Assistant A | E5: F | F5: 33119 | G5: Construction Management Section
A6: =A5+1 -> 3 | B6: 549361 | C6: Antonio, Jesus P. | D6: Utility Worker A | E6: M | F6: 26708 | G6: Administrative Section
A7: =A6+1 -> 4 | B7: 706818 | C7: Aquino, Ailyn P. | D7: Senior Engineer A | E7: F | F7: 35176 | G7: Operations and Maintenance Section
A8: =A7+1 -> 5 | B8: 333623 | C8: Azurias, Angelita V. | D8: Data Encoder | E8: F | F8: 26959 | G8: Planning and Design Section
A9: =A8+1 -> 6 | B9: 582940 | C9: Azurias, Joie T. | D9: Heavy Equipment Operator | E9: M | F9: 29309 | G9: Equipment Section
A10: =A9+1 -> 7 | B10: 809774 | C10: Balane, Annette | D10: Chief, Construction Section/Senior Engineer A | E10: F | F10: 46216 | G10: Construction Management Section
A11: =A10+1 -> 8 | B11: 250317 | C11: Balondo, Eduardo A. | D11: Chief, Equipment Section /Principal Engineer C | E11: M | F11: 24569 | G11: Operations and Maintenance Section
A12: =A11+1 -> 9 | B12: 482392 | C12: Baraero, Ma. Cleofe B. | D12: Public Relations Officer A | E12: F | F12: 31673 | G12: Office of the Regional Manager
A13: =A12+1 -> 10 | B13: 301467 | C13: Bayrante, Job Jr. B. | D13: Administrative Officer IV (Accounting) | E13: M | F13: 34275 | G13: Finance Section
A14: =A13+1 -> 11 | B14: 813367 | C14: Briton, Kimberly A. | D14: Senior Accounting Processor B | E14: F | F14: 35012 | G14: Finance Section
A15: =A14+1 -> 12 | B15: 688176 | C15: Brusas, Abel P. | D15: Senior Supply Officer | E15: M | F15: 31782 | G15: Administrative Section
A16: =A15+1 -> 13 | B16: 826525 | C16: Buen, Virgilio S. | D16: Driver Mechanic B | E16: M | F16: 26914 | G16: Equipment Section
... A28: =A27+1 -> 25 | B28: 852114 | C28: Federis, Jerry Ivan R. | D28: Data Encoder | E28: M | F28: 35280 | G28: Administrative Section
A29: =A28+1 -> 26 | B29: 987833 | C29: Gozon, Russell D. | D29: Driver Mechanic B | E29: M | F29: 06/23/1984 | G29: Office of the Regional Manager
A30: =A29+1 -> 27 | B30: 797270 | C30: Joven, Carla Marthy T. | D30: Senior Irrigators Development Officer | E30: F | F30: 31188 | G30: Institutional Development Section
A31: =A30+1 -> 28 | B31: 388739 | C31: Madrid, Jane Mitchille Valerie A. | D31: Senior Computer Services Programmer | E31: F | F31: 32440 | G31: Office of the Regional Manager
A32: =A31+1 -> 29 | B32: 518967 | C32: Medrano, Mary Grace P. | D32: Irrigators Development Officer A | E32: F | F32: 32116 | G32: Institutional Development Section
A33: =A32+1 -> 30 | B33: 628726 | C33: Oatemar, Marilou O. | D33: Chief, Institutional Development Section / Supervising Irrigators Development Officer | E33: F | F33: 22800 | G33: Institutional Development Section
A34: =A33+1 -> 31 | B34: 136268 | C34: Otordos, Christine Mae M. | D34: Data Encoder | E34: F | F34: 37135 | G34: Finance Section
A35: =A34+1 -> 32 | B35: 620692 | C35: Panuelos, Romeo Jr. A. | D35: Industrial Security Guard A | E35: M | F35: 29010 | G35: Administrative Section
A36: =A35+1 -> 33 | B36: 149654 | C36: Posugac, Charliemagne Señar | D36: Storekeeper B | E36: M | F36: 03/04/1993 | G36: Administrative Section
A37: =A36+1 -> 34 | B37: 698289 | C37: Ramos, Mark Lo B. | D37: Supervising Engineer A | E37: M | F37: 34075 | G37: Operations and Maintenance Section
A38: =A37+1 -> 35 | B38: 395329 | C38: Rañola, Chazzie L. | D38: Senior Accounting Processor B | E38: F | F38: 36051 | G38: Finance Section
A39: =A38+1 -> 36 | B39: 454671 | C39: Rebadulla, Joseph A. | D39: Division Manager A | E39: M | F39: 29292 | G39: Office of the Division Manager, AFD
A40: =A39+1 -> 37 | B40: 907603 | C40: Renta, Roel R. | D40: Utility Worker A | E40: M | F40: 27493 | G40: Administrative Section
A41: =A40+1 -> 38 | B41: 481988 | C41: Requiro, Joseph Christopher A. | D41: Chief, Equipment Section/Supervising Engineer A (ME) | E41: M | F41: 35094 | G41: Equipment Section
A42: =A41+1 -> 39 | B42: 560714 | C42: Rubi, Nicole D. | D42: Senior Accounting Processor A | E42: F | F42: 35563 | G42: Finance Section
A43: =A42+1 -> 40 | B43: 839488 | C43: Santos, Anne A. | D43: Senior Irrigators Development Officer | E43: F | F43: 27240 | G43: Institutional Development Section
A44: =A43+1 -> 41 | B44: 432925 | C44: Sarmiento, Ma. Sarah E. | D44: Engineer A | E44: F | F44: 34716 | G44: Construction Management Section
A45: =A44+1 -> 42 | B45: 573674 | C45: Sentillas, Conrado R. | D45: Industrial Security Guard A | E45: M | F45: 23949 | G45: Administrative Section
A46: =A45+1 -> 43 | B46: 504243 | C46: Templonuevo, Andre F. | D46: Senior Draftsman | E46: M | F46: 23193 | G46: Planning and Design Section
A47: =A46+1 -> 44 | B47: 942094 | C47: Varde, George A. | D47: Industrial Security Guard A | E47: M | F47: 32377 | G47: Administrative Section
A48: ***NOTHING FOLLOWS***
A50: CASUAL (COB)
A51: No. | B51: ID No. | C51: Name | D51: Designation / Position | E51: Sex | F51: Date of Birth | G51: Office
A52: 1 | B52: 978735 | C52: Agaton, Collen Kate N. | D52: Engineer A | E52: F | F52: 35605 | G52: Operations and Maintenance Section
A53: 2 | B53: 656419 | C53: Alferez, Karen N. | D53: Attorney IV | E53: F | F53: 31772 | G53: Office of the Regional Manager
A54: 3 | B54: 432223 | C54: Arejola, Arnelfa P. | D54: Administrative Services Chief C | E54: F | F54: 25573 | G54: Office of the Regional Manager
A55: 4 | B55: 146083 | C55: Bala, Nelson L. | D55: Driver Mechanic A | E55: M | F55: 28834 | G55: Equipment Section
A56: 5 | B56: 511441 | C56: Barateta, Michelle C. | D56: Supply Officer III | E56: F | F56: 31419 | G56: Construction Management Section
A57: 6 | B57: 262381 | C57: Barro, Monica Viva Cia L. | D57: Cashiering Assistant | E57: F | F57: 04/02/2002 | G57: Finance Section
A58: 7 | B58: 438810 | C58: Belano, Angelo B. | D58: Engineer A | E58: M | F58: 03/30/1994 | G58: Construction Management Section
A59: 8 | B59: 557206 | C59: Bustilla, Lycah Barbara A. | D59: Senior Engineer A | E59: F | F59: 35251 | G59: Construction Management Section
A60: 9 | B60: 501827 | C60: Cajurao, Mary Evangeline P. | D60: Engineer A | E60: F | F60: 05/01/1993 | G60: Construction Management Section
A61: 10 | B61: 482890 | C61: Camata, Alvin Rex B. | D61: Senior Artist-Illustrator | E61: M | F61: 33482 | G61: Office of the Regional Manager
A62: 11 | B62: 345690 | C62: Claveron, Russell Ann P. | D62: Nurse I | E62: F | F62: 32199 | G62: Administrative Section
A63: 12 | B63: 664886 | C63: Dela Cruz, Cly John L. | D63: Industrial Security Guard A | E63: M | F63: 34585 | G63: Administrative Section
A64: 13 | B64: 482032 | C64: Domacena, Glen Emil B. | D64: Senior Engineer A | E64: M | F64: 34572 | G64: Operations and Maintenance Section
A65: 14 | B65: 912342 | C65: Dorado, Jovelle Ira M. | D65: Economist A | E65: F | F65: 11/04/2001 | G65: Planning and Design Section
A66: 15 | B66: 261668 | C66: Endriga, Karina A. | D66: Procurement Analyst A | E66: F | F66: 29023 | G66: Construction Management Section
A67: 16 | B67: 615740 | C67: Cañaveral, Claudine E. | D67: Senior Engineer A | E67: F | F67: 35455 | G67: Planning and Design Section
A68: 17 | B68: 551808 | C68: Garcia, Joas Christian O. | D68: Senior Computer Operator | E68: M | F68: 35479 | G68: Administrative Section
A69: 18 | B69: 345035 | C69: Isorena, Johanna Marie P. | D69: Data Analyst-Controller | E69: F | F69: 36678 | G69: Administrative Section
A70: 19 | B70: 162247 | C70: Jabonillo, Rhinysheel E. | D70: Senior Engineer A | E70: F | F70: 35619 | G70: Planning and Design Section
A71: 20 | B71: 460395 | C71: Lagonoy, Rowena A. | D71: Industrial Relations Management/Development Officer A | E71: F | F71: 36056 | G71: Administrative Section
A72: 21 | B72: 120602 | C72: Laynes, Ma. Annellie L. | D72: Legal Researcher III | E72: F | F72: 34601 | G72: Office of the Regional Manager
A73: 22 | B73: 170793 | C73: Loveña, Michael C. | D73: Driver Mechanic A | E73: M | F73: 29467 | G73: Equipment Section
A74: 23 | B74: 927143 | C74: Marcelo, Kevin Joseph N. | D74: Irrigators Development Officer A | E74: M | F74: 08/24/1996 | G74: Institutional Development Section
A75: 24 | B75: 459957 | C75: Orante, Ted John Jr. G. | D75: Computer Services Programmer B | E75: M | F75: 34321 | G75: Office of the Regional Manager
A76: 25 | B76: 348268 | C76: Panis, Joel B. | D76: Senior Engineer A | E76: M | F76: 34421 | G76: Planning and Design Section
A77: 26 | B77: 597074 | C77: Sales, Paul Eric S. | D77: Engineer A | E77: M | F77: 35319 | G77: Planning and Design Section
A78: 27 | B78: 168348 | C78: Sarmiento, Kevin John L. | D78: Senior Engineer A | E78: M | F78: 34954 | G78: Equipment Section
A79: 28 | B79: 268137 | C79: Sinag, Bayani Jr. C. | D79: Heavy Equipment Operator | E79: M | F79: 32057 | G79: Equipment Section
A80: 29 | B80: 371223 | C80: Tirao, Joshua C. | D80: Supervising Engineer A | E80: M | F80: 35001 | G80: Construction Management Section
A81: 30 | B81: 991051 | C81: Vargas, Lazaro V A. | D81: Procurement Assistant A | E81: M | F81: 30342 | G81: Administrative Section
A82: 31 | B82: 760691 | C82: Venecio, Jad SJ. | D82: Welder A | E82: M | F82: 30510 | G82: Equipment Section
A83: 32 | B83: 669718 | C83: Victorio, Vanessa M. | D83: Utility Worker A | E83: F | F83: 33322 | G83: Office of the Regional Manager
A84: ***NOTHING FOLLOWS***
A86: CASUAL (Project-Charged)
A87: No. | B87: ID No. | C87: Name | D87: Designation / Position | E87: Sex | F87: Date of Birth | G87: Office
A88: 1 | B88: 909517 | C88: Baider, Tom John R. | D88: Senior Draftsman | E88: M | F88: 33816 | G88: Planning and Design Section
A89: 2 | B89: 300353 | C89: Dela Cruz, Clarisza Cielo P. | D89: Senior Draftsman | E89: F | F89: 34066 | G89: Planning and Design Section
A90: 3 | B90: 204264 | C90: Dorosan, Mia France B. | D90: Senior Accounting Processor A | E90: F | F90: 35334 | G90: Finance Section
A91: 4 | B91: 703005 | C91: Garchitorena, Gabrielle Nicole F. | D91: Information Systems Researcher | E91: F | F91: 34800 | G91: Operations and Maintenance Section
A92: 5 | B92: 478571 | C92: Hernandez, Elizabeth T. | D92: Irrigators Development Officer A | E92: F | F92: 25627 | G92: Institutional Development Section
A93: 6 | B93: 576929 | C93: Ilarde, Sunny A. | D93: Electrical Foreman | E93: M | F93: 25131 | G93: Administrative Section
A94: 7 | B94: 230218 | C94: Laureño, Paterno D. | D94: Driver-Mechanic A | E94: M | F94: 32177 | G94: Equipment Section
A95: 8 | B95: 474522 | C95: Marasigan, Grace R. | D95: Cashier C | E95: F | F95: 29005 | G95: Finance Section
A96: 9 | B96: 644265 | C96: Olaes, Ariel G. | D96: Senior Cartographer A | E96: M | F96: 24342 | G96: Planning and Design Section
A97: 10 | B97: 639114 | C97: Perez, John Kyle F. | D97: Environmental Specialist B | E97: M | F97: 35468 | G97: Planning and Design Section
A98: 11 | B98: 642338 | C98: Reyes, Erwin R. | D98: Senior Geologist | E98: M | F98: 35432 | G98: Planning and Design Section
A99: 12 | B99: 553744 | C99: Rojas, Arnilo E. | D99: Reproduction Machine Operator II (B) | E99: M | F99: 25555 | G99: Planning and Design Section
... A101: 14 | B101: 146303 | C101: Vender, Manuel Benard D. | D101: Watchman II | E101: M | F101: 31736 | G101: Administrative Section
A102: ***NOTHING FOLLOWS***
A104: JOB ORDER
A105: No. | B105: ID No. | C105: Name | D105: Designation / Position | E105: Sex | F105: Date of Birth | G105: Office
A106: 1 | B106: 800541 | C106: Agapito, John A. | D106: Accounting Processor B | E106: M | F106: 34874 | G106: Finance Section
A107: 2 | B107: 280712 | C107: Aquino, Richard P. | D107: Driver-Mechanic A | E107: M | F107: 28561 | G107: Office of the Regional Manager
A108: 3 | B108: 346841 | C108: Archivido, Jordan O. | D108: Data-Encoder Controller | E108: M | F108: 33966 | G108: Administrative Section
A109: 4 | B109: 148796 | C109: Asuncion, Vanessa D. | D109: Accounting Processor A | E109: F | F109: 30451 | G109: Finance Section
A110: 5 | B110: 633496 | C110: Barcela, Mary Jean Q. | D110: Accounting Processor B | E110: F | F110: 33564 | G110: Finance Section
A111: 6 | B111: 148402 | C111: Bernal, Ionna Fay M. | D111: Engineering Assistant A | E111: F | F111: 36357 | G111: Operation and Maintenance Section
A112: 7 | B112: 482506 | C112: Bobadilla, Warren Jay D. | D112: Driver Mechanic A | E112: M | F112: 32915 | G112: Equipment Section
A113: 8 | B113: 591690 | C113: Bolina, Aldjohn L. | D113: Senior Accounting Processor A | E113: M | F113: 37543 | G113: Finance Section
A114: 9 | B114: 502748 | C114: Bornalo, Bernie P. | D114: Cashier C | E114: M | F114: 31815 | G114: Finance Section
A115: 10 | B115: 242636 | C115: Brillo, Shaira Mae B. | D115: Senior Accounting Processor B | E115: F | F115: 35679 | G115: Finance Section
...

Sheet ACIMO
A1: AS OF JULY 20, 2026
A2: PERMANENT/CO-TERMINUS
A3: No. | B3: ID No. | C3: Name | D3: Designation / Position | E3: Sex | F3: Date of Birth | G3: Office
A4: 1 | B4: 596165 | C4: SO, Mark Cloyd G. | D4: Acting Division Manager/Supervising Engineer A | E4: M | F4: 31589 | G4: Albay Office
A5: =A4+1 -> 2 | B5: 587812 | C5: BERDIN, Ian Feliciano III P. | D5: Senior Water Resources Facilities Technician | E5: M | F5: 27113 | G5: Albay Office
A6: =A5+1 -> 3 | B6: 472890 | C6: BALONDO, Senen A. | D6: Industrial Security Guard A | E6: M | F6: 26029 | G6: Albay Office
A7: =A6+1 -> 4 | B7: 578550 | C7: PAJE, Jojo O. | D7: Industrial Security Guard A | E7: M | F7: 27980 | G7: Albay Office
A8: =A7+1 -> 5 | B8: 583972 | C8: DURAN, Maureen R. | D8: Corporate Accounts Analyst | E8: M | F8: 27829 | G8: Albay Office
A9: =A8+1 -> 6 | B9: 164959 | C9: PANTE, Lech Fidel C. | D9: Engineer A | E9: M | F9: 33116 | G9: Albay Office
A10: =A9+1 -> 7 | B10: 817959 | C10: NACARIO, John Bernard S. | D10: Water Resources Facilities Operator B | E10: M | F10: 31386 | G10: Albay Office
A11: =A10+1 -> 8 | B11: 722450 | C11: REODIQUE, Nestor S. | D11: Heavy Equipment Operator | E11: M | F11: 28163 | G11: Albay Office
A12: =A11+1 -> 9 | B12: 723219 | C12: MARQUEZ, Angelo V. | D12: Sr. Engineer A | E12: M | F12: 28446 | G12: Catanduanes Sub-Office
A13: =A12+1 -> 10 | B13: 929272 | C13: MANLANGIT, Vilma M. | D13: Sr. Accounting Processor B | E13: F | F13: 26671 | G13: Albay Office
A14: =A13+1 -> 11 | B14: 660100 | C14: DAYUPAY, Jennimel R. | D14: Engineer A | E14: M | F14: 33926 | G14: Albay Office
A15: =A14+1 -> 12 | B15: 740109 | C15: REYES, Conchita R. | D15: Irrigator's Development Officer A | E15: F | F15: 23643 | G15: Albay Office
A16: ***NOTHING FOLLOWS***
A18: CASUAL (COB)
A19: No. | B19: ID No. | C19: Name | D19: Designation / Position | E19: Sex | F19: Date of Birth | G19: Office
A20: 1 | B20: 990269 | C20: ABILA, Ela Mae S. | D20: Procurement Analyst B | E20: F | F20: 36085 | G20: Albay Office
A21: =A20+1 -> 2 | B21: 599880 | C21: ADELANTE, Isagani Jr. P. | D21: Industrial Security Guard A | E21: M | F21: 28809 | G21: Catanduanes Sub-Office
A22: =A21+1 -> 3 | B22: 545194 | C22: ALNAS, Mark Anjo T. | D22: Engineer A | E22: M | F22: 34051 | G22: Catanduanes Sub-Office
A23: =A22+1 -> 4 | B23: 135180 | C23: ARABACA, Gilbert S. | D23: Senior Engineer A | E23: M | F23: 33619 | G23: Albay Office
A24: =A23+1 -> 5 | B24: 983454 | C24: BALINGASA, Aliza May D. | D24: Irrigator's Development Officer A | E24: F | F24: 37022 | G24: Albay Office
A25: =A24+1 -> 6 | B25: 706109 | C25: BALITA, Marcos B. | D25: Industrial Security Guard A | E25: M | F25: 30611 | G25: Albay Office
A26: =A25+1 -> 7 | B26: 287556 | C26: BELGADO, Ma. Dolores S. | D26: Supervising Engineer A | E26: F | F26: 28556 | G26: Albay Office
A27: =A26+1 -> 8 | B27: 705491 | C27: CALPE, Amy B. | D27: Data Encoder | E27: F | F27: 30689 | G27: Albay Office
A28: =A27+1 -> 9 | B28: 505503 | C28: CLARIÑO, Roland O. | D28: Survey Aide A | E28: M | F28: 31163 | G28: Albay Office
A29: =A28+1 -> 10 | B29: 488433 | C29: COMPLETO, Jessica B. | D29: Senior Engineer A | E29: F | F29: 35057 | G29: Albay Office
A30: =A29+1 -> 11 | B30: 411215 | C30: DEDASE, Luisito O. | D30: Property Officer B | E30: M | F30: 29050 | G30: Albay Office
A31: =A30+1 -> 12 | B31: 905404 | C31: DELA CRUZ, Alexandra Mae L. | D31: Engineering Assistant A | E31: F | F31: 35616 | G31: Albay Office
A32: =A31+1 -> 13 | B32: 489240 | C32: DELGADO, Alexandra Joy M. | D32: Data Encoder | E32: F | F32: 35340 | G32: Albay Office
... A51: =A50+1 -> 32 | B51: 568533 | C51: SARION, Jane Amy R. | D51: Engineer A | E51: F | F51: 36760 | G51: Albay Office
A52: ***NOTHING FOLLOWS***
A54: CASUAL (Project-Charged)
A55: No. | B55: ID No. | C55: Name | D55: Designation / Position | E55: Sex | F55: Date of Birth | G55: Office
A56: 1 | B56: 970465 | C56: NACARIO, Richard S. | D56: Administrative Services Assistant B | E56: M | F56: 29566 | G56: Albay Office
A57: =A56+1 -> 2 | B57: 435914 | C57: ORAYE, Noel Jr. B. | D57: Foreman A | E57: M | F57: 35631 | G57: Albay Office
A58: =A57+1 -> 3 | B58: 669920 | C58: DETERA, Dale Derick L. | D58: Survey Aide A | E58: M | F58: 36089 | G58: Albay Office
A59: =A58+1 -> 4 | B59: 447264 | C59: DACILLO, Milany B. | D59: Senior Water Resources Facilities Technician | E59: F | F59: 28745 | G59: Albay Office
A60: =A59+1 -> 5 | B60: 478643 | C60: JACOB, Elizabeth J. | D60: Sr. Irrigator's Development Officer A | E60: F | F60: 23614 | G60: Albay Office
A61: =A60+1 -> 6 | B61: 429064 | C61: PEÑAFLOR, Jemar B. | D61: Irrigator's Development Officer A | E61: M | F61: 33255 | G61: Albay Office
A62: =A61+1 -> 7 | B62: 432411 | C62: PONGPONG, Carlito C. | D62: Sr. Irrigator's Development Officer A | E62: M | F62: 22736 | G62: Albay Office
A63: =A62+1 -> 8 | B63: 168325 | C63: PONTILLAS, Segfrido A. | D63: Sr. Irrigator's Development Officer A | E63: M | F63: 28363 | G63: Albay Office
A64: =A63+1 -> 9 | B64: 187727 | C64: ROBLEDO, Marilou A. | D64: Sr. Irrigator's Development Officer A | E64: F | F64: 29834 | G64: Albay Office
A65: =A64+1 -> 10 | B65: 625407 | C65: LONTAC, Carl Louie B. | D65: Driver Mechanic B | E65: M | F65: 33531 | G65: Albay Office
A66: ***NOTHING FOLLOWS***
A68: JOB ORDER
A69: No. | B69: ID No. | C69: Name | D69: Designation / Position | E69: Sex | F69: Date of Birth | G69: Office
A70: 1 | B70: 254906 | C70: AGRIPA, John Lloyd M. | D70: Automotive Mechanic I | E70: M | F70: 37770 | G70: Albay Office
A71: =A70+1 -> 2 | B71: 199052 | C71: ALVAREZ, Ma. Cristina R. | D71: Corporate Budget Assistant | E71: F | F71: 36450 | G71: Albay Office
A72: =A71+1 -> 3 | B72: 441058 | C72: ARCILLA, Ma. Elaine E. | D72: Clerk Processor A | E72: F | F72: 36809 | G72: Catanduanes Sub-Office
A73: =A72+1 -> 4 | B73: 983424 | C73: ATANANTE, Jay Ar P. | D73: Utility Worker B | E73: M | F73: 36080 | G73: Albay Office
A74: =A73+1 -> 5 | B74: 983758 | C74: AYCARDO, Raymond Gil C. | D74: Engineering Assistant B | E74: M | F74: 32820 | G74: Albay Office
A75: =A74+1 -> 6 | B75: 620998 | C75: AYDALLA, Ramon Jr. C. | D75: Clerk Processor C | E75: M | F75: 35893 | G75: Albay Office
A76: =A75+1 -> 7 | B76: 515714 | C76: AZUTEA, Mark Charl's N. | D76: Data Encoder | E76: M | F76: 36666 | G76: Albay Office
A77: =A76+1 -> 8 | B77: 453727 | C77: BANGA, Arnulfo Natividad B. | D77: Engineering Assistant B | E77: M | F77: 36450 | G77: Albay Office
A78: =A77+1 -> 9 | B78: 652524 | C78: BANTOG, Marie Angeli D. | D78: Clerk Processor B | E78: F | F78: 35920 | G78: Albay Office
A79: =A78+1 -> 10 | B79: 837811 | C79: BOMBITA, Jerwin P. | D79: Utility Worker B | E79: M | F79: 29200 | G79: Albay Office
A80: =A79+1 -> 11 | B80: 677630 | C80: BONAPOS, Reese P. | D80: Data Encoder-Controller | E80: F | F80: 36472 | G80: Albay Office
A81: =A80+1 -> 12 | B81: 879431 | C81: BRIOSO, John Learry A. | D81: Watchman II | E81: M | F81: 33822 | G81: Catanduanes Sub-Office
A82: =A81+1 -> 13 | B82: 864981 | C82: CABILES, John Patrick B. | D82: Engineering Assistant B | E82: M | F82: 33354 | G82: Albay Office
A83: =A82+1 -> 14 | B83: 107996 | C83: CELLANO, Jhedson S. | D83: Research Assistant A | E83: M | F83: 37373 | G83: Albay Office
A84: =A83+1 -> 15 | B84: 778342 | C84: CONCEPCION, Don R. | D84: Survey Aide B | E84: M | F84: 31338 | G84: Albay Office
A85: =A84+1 -> 16 | B85: 692846 | C85: CREDO, Patricia Gillyn L. | D85: Administrative Services Officer III | E85: F | F85: 35877 | G85: Albay Office
A86: =A85+1 -> 17 | B86: 196770 | C86: CULLAT, Isagani C. | D86: Utilities/Customer Services Assistant C | E86: M | F86: 29727 | G86: Albay Office
A87: =A86+1 -> 18 | B87: 194240 | C87: DINERO, Pedrito Bigayan | D87: Utility Worker B | E87: M | F87: 35920 | G87: Albay Office
A88: =A87+1 -> 19 | B88: 892078 | C88: DINGLASAN, Bryann Frederick R. | D88: Utilities/Customer Services Assistant E | E88: M | F88: 28187 | G88: Albay Office
A89: =A88+1 -> 20 | B89: 265370 | C89: ESTRADA, Sheena Mae N. | D89: Research Assistant A | E89: F | F89: 37158 | G89: Albay Office
A90: =A89+1 -> 21 | B90: 595261 | C90: GUADALUPE, Ulysses | D90: Utility Worker B | E90: M | F90: 24380 | G90: Albay Office
A91: =A90+1 -> 22 | B91: 466181 | C91: LLEVA, Ronald A. | D91: Engineering Assistant B | E91: M | F91: 36836 | G91: Albay Office
... A123: =A122+1 -> 54 | B123: 979595 | C123: VIÑAS, Raymond R. | D123: Utility Worker A | E123: M | F123: 30108 | G123: Albay Office
A124: ***NOTHING FOLLOWS***
A126: CONTRACT OF SERVICE
A127: No. | B127: ID No. | C127: Name | D127: Designation / Position | E127: Sex | F127: Date of Birth | G127: Office
A128: 1 | B128: 503396 | C128: AMADOS, Jeric A. | D128: Engineer B | E128: M | F128: 36375 | G128: Albay Office
A129: =A128+1 -> 2 | B129: 299888 | C129: BEO, Edilberto Jr. R. | D129: Irrigator's Development Officer A | E129: M | F129: 35363 | G129: Catanduanes Sub-Office
A130: =A129+1 -> 3 | B130: 799103 | C130: BERZUELA, Jose Domingo C. | D130: Engineer B | E130: M | F130: 36362 | G130: Albay Office
A131: =A130+1 -> 4 | B131: 500213 | C131: CALABINES, Lyle Kenneth A. | D131: Engineer A | E131: M | F131: 36806 | G131: Albay Office
A132: =A131+1 -> 5 | B132: 298598 | C132: CAPINO, Hendryx D. | D132: Engineer A | E132: M | F132: 36326 | G132: Albay Office
A133: =A132+1 -> 6 | B133: 134245 | C133: DOLZ, Jevielyn A. | D133: Sr. Engineer B | E133: F | F133: 36673 | G133: Albay Office
A134: =A133+1 -> 7 | B134: 208506 | C134: JACOB, Gail Nicole J. | D134: Irrigator's Dev. Officer A | E134: F | F134: 37427 | G134: Albay Office
A135: =A134+1 -> 8 | B135: 136841 | C135: JUAREZ, Francisco Jr. B. | D135: Irrigator's Development Officer A | E135: M | F135: 26204 | G135: Albay Office
A136: =A135+1 -> 9 | B136: 135884 | C136: LUMBAO, Joshua A. | D136: Engineer B | E136: M | F136: 36855 | G136: Catanduanes Sub-Office
A137: =A136+1 -> 10 | B137: 653144 | C137: MANLANGIT, Dindo Z. | D137: Irrigator's Development Officer A | E137: M | F137: 24928 | G137: Catanduanes Sub-Office
A138: =A137+1 -> 11 | B138: 194697 | C138: MANLANGIT, Gio Dominick M. | D138: Engineer A | E138: M | F138: 37006 | G138: Albay Office
A139: =A138+1 -> 12 | B139: 333794 | C139: MARBELLA, Mark Christian R. | D139: Engineer A | E139: M | F139: 36885 | G139: Albay Office
A140: =A139+1 -> 13 | B140: 877653 | C140: MELGAR, Frederick T. | D140: Sr. Irrigator's Development Officer A | E140: M | F140: 35537 | G140: Catanduanes Sub-Office
... A148: =A147+1 -> 21 | B148: 705059 | C148: VIBAR, Donel P. | D148: Sr. Engineer B | E148: M | F148: 36776 | G148: Albay Office
A149: ***NOTHING FOLLOWS***
C152: Employment Status | D152: Number of Employees
C153: PERMANENT/CO-TERMINUS | D153: 12
C154: CASUAL (COB) | D154: 32
C155: CASUAL (Project-Charged) | D155: 10
C156: JOB ORDER | D156: 54
C157: CONTRACT OF SERVICE | D157: =A148 -> 21
C158: Total | D158: =SUM(D153:D157) -> 129

Sheet CNIMO
A1: AS OF JULY 2026
A2: PERMANENT/CO-TERMINUS
A3: No. | B3: ID No. | C3: Name | D3: Designation / Position | E3: Sex | F3: Date of Birth | G3: Office
A4: 1 | B4: 926247 | C4: Villaluz, Edmundo T. | D4: Principal Engineer A | E4: M | F4: 25064 | G4: IMO Manager
A5: 2 | B5: 772266 | C5: Abanto, Michael Louie Q. | D5: Industrial Security Guard A | E5: M | F5: 27641 | G5: Operations Section/ Equipment Unit
A6: 3 | B6: 715099 | C6: Abraham, Mario M. | D6: Utility Worker A | E6: M | F6: 25889 | G6: Administrative Section/ General Services
A7: 4 | B7: 191397 | C7: Avila, Archie B. | D7: Engineer A | E7: M | F7: 33678 | G7: Engineering Section
A8: 5 | B8: 207698 | C8: Capistrano, Ricky M. | D8: Water Resources Facilities Operator B | E8: M | F8: 27687 | G8: Operations Section/ O&M
A9: 6 | B9: 804461 | C9: Dela Cruz, Ernesto Jr. O. | D9: Driver Mechanic B | E9: M | F9: 25480 | G9: Operations Section/ Equipment Unit
A10: 7 | B10: 207635 | C10: Diaz, Joven R. | D10: Industrial Security Guard A | E10: M | F10: 30644 | G10: Administrative Section/ General Services
A11: 8 | B11: 641778 | C11: Eboña, Joan M. | D11: Sr. Accounting Processor A | E11: F | F11: 30126 | G11: Finance Section
A12: 9 | B12: 336696 | C12: Encinares, Emelie A. | D12: Data Encoder | E12: F | F12: 29447 | G12: Administrative Section/ Human Resource Unit
A13: 10 | B13: 522405 | C13: Espeso, Alejandro B. | D13: Sr. Water Resources Facilities Technician | E13: M | F13: 23588 | G13: Operations Section
A14: 11 | B14: 367836 | C14: King, Roger Allan B. | D14: Sr. Engineer A | E14: M | F14: 32246 | G14: Office of the IMO Manager
A15: 12 | B15: 193132 | C15: Magana, Jesus Y. | D15: Collection Representative A | E15: M | F15: 29184 | G15: Administrative Section
... A20: 17 | B20: 129682 | C20: Villamonte, Mariano R. | D20: Irrigator's Development Officer A | E20: M | F20: 25437 | G20: Operations Section/ Institutional Development Unit
A21: ***NOTHING FOLLOWS***
A23: CASUAL (COB)
A24: No. | B24: ID No. | C24: Name | D24: Designation / Position | E24: Sex | F24: Date of Birth | G24: Office
A25: 1 | B25: 659076 | C25: Abarca, Romy L. | D25: Engineering Assistan B | E25: M | F25: 36641 | G25: Operations Section/ O&M
A26: 2 | B26: 194698 | C26: Agot, Joy Ann Rachel P. | D26: Administrative Services Officer B | E26: F | F26: 34638 | G26: Administrative Section/ Human Resource Unit
A27: 3 | B27: 112454 | C27: Almonte, Kristine Joe P. | D27: Senior Engineer A | E27: F | F27: 36848 | G27: Engineering Section/ Planning
A28: 4 | B28: 413063 | C28: Argente, Joemel J. | D28: Supervising Engineer A | E28: M | F28: 34919 | G28: Engineering Section/ Design
A29: 5 | B29: 505837 | C29: Azagra, Ronellyn A. | D29: Survey Aide A | E29: F | F29: 33030 | G29: Administrative Section/ Property/ BAC Support
A30: 6 | B30: 889738 | C30: Baliwag, Arvin P. | D30: Irrigator's Development Officer A | E30: M | F30: 36679 | G30: Operations Section/ Institutional Development Unit
A31: 7 | B31: 135023 | C31: Dizon, Leslie Ravien P. | D31: Engineering Assistant A | E31: F | F31: 36414 | G31: Engineering Section/ Design
A32: 8 | B32: 551850 | C32: Eboña, Rene Dick A. | D32: Industrial Security Guard A | E32: M | F32: 29842 | G32: Administrative Section/ General Services
A33: 9 | B33: 499755 | C33: Factor, Romnel E. | D33: Engineering Assistant A | E33: M | F33: 35533 | G33: Engineering Section/ Construction
A34: 10 | B34: 671031 | C34: Ilagan, Ella Mae B. | D34: Senior Engineer A | E34: F | F34: 34252 | G34: Engineering Section/ Design
A35: 11 | B35: 563502 | C35: Lamadrid, John Rey F. | D35: Senior Irrigator's Development Officer | E35: M | F35: 35748 | G35: Operations Section/ Institutional Development Unit
A36: 12 | B36: 226523 | C36: Lopez, John Paul S. | D36: Industrial Security Guard A | E36: M | F36: 33826 | G36: Administrative Section/ General Services
... A52: 28 | B52: 533788 | C52: Zaleta, Ma. Carmi V. | D52: Survey Aide A | E52: F | F52: 31084 | G52: Finance Section/ Accounting
A53: ***NOTHING FOLLOWS***
A55: CASUAL (Project-Charged)
A56: No. | B56: ID No. | C56: Name | D56: Designation / Position | E56: Sex | F56: Date of Birth | G56: Office
A57: 1 | B57: 680795 | C57: Casuga, Shirley K. | D57: Research Assistant A | E57: F | F57: 28075 | G57: Operations Section/ Institutional Development Unit
A58: 2 | B58: 829433 | C58: Talento, Ismael S. | D58: Research Assistant B | E58: M | F58: 26576 | G58: Operations Section/ Institutional Development Unit
A59: ***NOTHING FOLLOWS***
A61: JOB ORDER
A62: No. | B62: ID No. | C62: Name | D62: Designation / Position | E62: Sex | F62: Date of Birth | G62: Office
A63: 1 | B63: 356581 | C63: Abad, Eloiza M. | D63: Research Assistant B | E63: F | F63: 35101 | G63: Office of the IMO Manager
A64: 2 | B64: 185294 | C64: Aberia, Catherine V. | D64: Research Assistant A | E64: F | F64: 36899 | G64: Operations Section/ Institutional Development Unit
A65: 3 | B65: 419358 | C65: Baylon, Ma. Fatima Beatriz B. | D65: Data Encoder | E65: F | F65: 37143 | G65: Operations Section/ Institutional Development Unit
A66: 4 | B66: 812151 | C66: Briones, Zaqueo P. | D66: Research Assistant B | E66: M | F66: 34218 | G66: Operations Section/ Institutional Development Unit
A67: 5 | B67: 563065 | C67: Evangelista, Donnalyn M. | D67: Accounting Processor A | E67: F | F67: 34549 | G67: Finance Section/ Accounting
A68: 6 | B68: 945349 | C68: Flores, Joana Victoria A. | D68: Clerk Processor C | E68: F | F68: 37778 | G68: Finance Section/ Accounting
A69: 7 | B69: 387365 | C69: Ibana, Machiavellian M. | D69: Watchman II | E69: M | F69: 31269 | G69: Administrative Section/ General Services
A70: 8 | B70: 466162 | C70: Maligat, Gerly M. | D70: Research Assistant B | E70: F | F70: 36565 | G70: Engineering Section/ Planning Unit
A71: 9 | B71: 598111 | C71: Manlangit, Edwin A. | D71: Utility Worker A | E71: M | F71: 22354 | G71: Engineering Section/ Construction
A72: 10 | B72: 546091 | C72: Morandarte, Ian Kristoffer Y. | D72: Survey Aide A | E72: M | F72: 33887 | G72: Engineering Section/ Planning Unit
A73: 11 | B73: 664363 | C73: Ocampo, Michelle B. | D73: Clerk Processor C | E73: F | F73: 29402 | G73: Administrative Section/ COA
A74: 12 | B74: 836443 | C74: Pandi, Bing-Bong C. | D74: Research Assistant B | E74: M | F74: 34810 | G74: Operations Section/ Institutional Development Unit
... A78: 16 | B78: 318929 | C78: Jardin, Jan Leo D. | D78: Utility Worker A | E78: M | F78: 36141 | G78: Engineering Section/ Construction
A79: 17 | B79: 651603 | C79: Jardin, Manuel A. | D79: Utility Worker A | E79: M | F79: 12/12/1993 | G79: Engineering Section/ Construction
A80: 18 | B80: 651626 | C80: Magana, Ariel S. | D80: Utility Worker A | E80: M | F80: 09/10/1975 | G80: Engineering Section/ Construction
A81: 19 | B81: 416789 | C81: Magana, Dante S. | D81: Utility Worker A | E81: M | F81: 04/06/1969 | G81: Engineering Section/ Construction
A82: 20 | B82: 124453 | C82: Zantua, Elmer S.R. | D82: Utility Worker A | E82: M | F82: 07/24/1977 | G82: Engineering Section/ Construction
A83: 21 | B83: 213195 | C83: Frayna, Lemwel J. | D83: Utility Worker A | E83: M | F83: 12/22/1979 | G83: Operations Section & O&M
A84: 22 | B84: 198632 | C84: Fuertes, Anleo E. | D84: Utility Worker A | E84: M | F84: 02/04/1982 | G84: Operations Section & O&M
A85: 23 | B85: 461390 | C85: Quintela, Arnel R. | D85: Utility Worker A | E85: M | F85: 04/21/1972 | G85: Operations Section & O&M
A86: 24 | B86: 821299 | C86: Valles, Eddieson E. | D86: Utility Worker A | E86: M | F86: 02/23/1984 | G86: Operations Section & O&M
A87: 25 | B87: 512834 | C87: Villa, Rolando D. | D87: Utility Worker A | E87: M | F87: 03/05/1974 | G87: Operations Section & O&M
A88: 26 | B88: 427270 | C88: Abanto, Ramil S. | D88: Survey Aide A | E88: M | F88: 04/23/1987 | G88: Engineering Section/ Planning
A89: 27 | B89: 419504 | C89: Abarca, John Renzo R. | D89: Utility Worker A | E89: M | F89: 01/30/1997 | G89: Engineering Section/ Planning
A90: 28 | B90: 823765 | C90: Abenoja, Allan F. | D90: Survey Aide A | E90: M | F90: 10/08/1982 | G90: Engineering Section/ Planning
... A94: 32 | B94: 686775 | C94: Samonte, Leonardo A. | D94: Survey Aide A | E94: M | F94: 02/06/1977 | G94: Engineering Section/ Planning
A95: ***NOTHING FOLLOWS***
A97: CONTRACT OF SERVICE
A98: No. | B98: ID No. | C98: Name | D98: Designation / Position | E98: Sex | F98: Date of Birth | G98: Office
A99: 1 | B99: 251001 | C99: Briones, Elisa Mae A. | D99: Engineer A | E99: F | F99: 37001 | G99: Engineering Section/ Planning Unit
A100: 2 | B100: 278874 | C100: Francisco, Jennefer D. | D100: Environmental Analyst | E100: F | F100: 33777 | G100: Engineering Section/ Planning Unit
A101: ***NOTHING FOLLOWS***
C104: Employment Status | D104: Number of Employees
C105: PERMANENT/CO-TERMINUS | D105: =A20 -> 17
C106: CASUAL (COB) | D106: =A52 -> 28
C107: CASUAL (Project-Charged) | D107: =A58 -> 2
C108: JOB ORDER | D108: =A94 -> 32
C109: CONTRACT OF SERVICE | D109: =A100 -> 2
C110: Total | D110: =SUM(D105:D109) -> 81

Sheet CSIMO
A1: AS OF JULY 2026
A2: PERMANENT/CO-TERMINUS
A3: No. | B3: ID No. | C3: Name | D3: Designation / Position | E3: Sex | F3: Date of Birth | G3: Office
A4: 1 | B4: 600292 | C4: Rañola, Carol L. | D4: Division Manager A | E4: F | F4: 26363 | G4: Camarines Sur IMO - Head Office
A5: 2 | B5: 147234 | C5: Aguilar, Elthon S. | D5: Driver-Mechanic B | E5: M | F5: 27611 | G5: Camarines Sur IMO - Head Office
A6: 3 | B6: 328765 | C6: Aguilar, Joel S. Jr. | D6: Senior Engineer A | E6: M | F6: 32380 | G6: Camarines Sur IMO - Head Office
A7: 4 | B7: 454516 | C7: Beraquit, Raejane Mae A. | D7: Industrial Relations Management/Development Officer C | E7: F | F7: 33221 | G7: Camarines Sur IMO - Head Office
A8: 5 | B8: 163561 | C8: Cabiles, Andrew B. | D8: Senior Irrigators' Development Officer A | E8: M | F8: 35384 | G8: Camarines Sur IMO - Head Office
A9: 6 | B9: 269133 | C9: Floriano, Don Jose S. | D9: Industrial Security Guard A | E9: M | F9: 26317 | G9: Camarines Sur IMO - Head Office
A10: 7 | B10: 670799 | C10: Gaddi, Nori Nilo A. | D10: Driver-Mechanic B | E10: M | F10: 25252 | G10: Camarines Sur IMO - Head Office
A11: 8 | B11: 715888 | C11: Madrid, Albert Felix A. | D11: Data Encoder | E11: M | F11: 30102 | G11: Camarines Sur IMO - Head Office
A12: 9 | B12: 555528 | C12: Montes, Eleanor R. | D12: Senior Financial Planning Analyst | E12: F | F12: 26339 | G12: Camarines Sur IMO - Head Office
A13: 10 | B13: 576341 | C13: Ragodon, Dennis P. | D13: Engineer A | E13: M | F13: 25175 | G13: Camarines Sur IMO - Head Office
A14: 11 | B14: 325765 | C14: Reyes, Dave Randel Y. | D14: Industrial Security Guard A | E14: M | F14: 28814 | G14: Camarines Sur IMO - Head Office
A15: 12 | B15: 177316 | C15: Saboco, Anna Rose R. | D15: Engineering Assistant B | E15: F | F15: 34776 | G15: Camarines Sur IMO - Head Office
... A48: 45 | B48: 801762 | C48: Hermogeno, Ruth Maria Magdalena P. | D48: Irrigators Development Officer A | E48: F | F48: 22849 | G48: Camarines Sur IMO - Head Office
A49: ***NOTHING FOLLOWS***
A51: CASUAL (COB)
A52: No. | B52: ID No. | C52: Name | D52: Designation / Position | E52: Sex | F52: Date of Birth | G52: Office
A53: 1 | B53: 480488 | C53: Albaño, Mark Anthony D. | D53: Hydrologist | E53: M | F53: 36142 | G53: Camarines Sur IMO - Head Office
A54: 2 | B54: 643529 | C54: Anagao, Clarice S. | D54: Engineer A | E54: F | F54: 35766 | G54: Camarines Sur IMO - Head Office
A55: 3 | B55: 259062 | C55: Apa, Russel R. | D55: Senior Engineer A | E55: M | F55: 33277 | G55: Camarines Sur IMO - Head Office
A56: 4 | B56: 186295 | C56: Arroyo, Mariano Jr. E. | D56: Heavy Equipment Operator | E56: M | F56: 26640 | G56: Camarines Sur IMO - Head Office
A57: 5 | B57: 277263 | C57: Asares, Angelica Mae D. | D57: Records Officer D | E57: F | F57: 35654 | G57: Camarines Sur IMO - Head Office
A58: 6 | B58: 954708 | C58: Balondo, Ed Brian M. | D58: Administrative Aide III (Utility Worker A) | E58: M | F58: 36802 | G58: Camarines Sur IMO - Head Office
A59: 7 | B59: 522588 | C59: Buena, Ace B. | D59: Senior Engineer A | E59: M | F59: 33862 | G59: Camarines Sur IMO - Head Office
A60: 8 | B60: 241341 | C60: Bustilla, Gil P. | D60: Supervising Engineer A | E60: M | F60: 35296 | G60: Camarines Sur IMO - Head Office
A61: 9 | B61: 629251 | C61: Cabrera, Justine E. | D61: Welder A | E61: M | F61: 37758 | G61: Camarines Sur IMO - Head Office
A62: 10 | B62: 230274 | C62: Cañaveral, Jose Leo L. | D62: Engineer A | E62: M | F62: 33939 | G62: Camarines Sur IMO - Head Office
A63: 11 | B63: 684033 | C63: Cleofas, Jaspher C. | D63: Senior Engineer A | E63: M | F63: 33520 | G63: Camarines Sur IMO - Head Office
A64: 12 | B64: 118238 | C64: Dela Cruz, Marciano Jr. S. | D64: Foreman A | E64: M | F64: 33298 | G64: Camarines Sur IMO - Head Office
... A98: 46 | B98: 286498 | C98: Margaja, Geovanni C. | D98: Heavy Equipment Operator | E98: M | F98: 29921 | G98: Rinconada Integrated Irrigation System
A99: ***NOTHING FOLLOWS***
A101: CASUAL (Project-Charged)
A102: No. | B102: ID No. | C102: Name | D102: Designation / Position | E102: Sex | F102: Date of Birth | G102: Office
A103: 1 | B103: 657564 | C103: Luna, Krystal Mae E. | D103: Engineer A | E103: F | F103: 36675 | G103: Camarines Sur IMO - Head Office
A104: 2 | B104: 863059 | C104: Gavica, Edgardo Jr. C | D104: Engineering Assistant A | E104: M | F104: 33960 | G104: Camarines Sur IMO - Head Office
A105: 3 | B105: 654749 | C105: Palacay, Elsie F. | D105: Clerk Processor A | E105: F | F105: 34090 | G105: Libmanan-Cabusao Pump Irrigation System
A106: 4 | B106: 381946 | C106: Baluca, Paciano E. | D106: Driver-Mechanic B | E106: M | F106: 23315 | G106: Rinconada Integrated Irrigation System
A107: 5 | B107: 827681 | C107: Samson, Enrique D. | D107: Driver | E107: M | F107: 25449 | G107: Rinconada Integrated Irrigation System
A108: ***NOTHING FOLLOWS***
A110: JOB ORDER
A111: No. | B111: ID No. | C111: Name | D111: Designation / Position | E111: Sex | F111: Date of Birth | G111: Office
A112: 1 | C112: Abelinde, Dynalyn I. | D112: Clerk Processor A | E112: F | F112: 34789 | G112: Camarines Sur IMO - Head Office
A113: 2 | C113: Abonalla, Armando F. | D113: Foreman B | E113: M | F113: 23948 | G113: Camarines Sur IMO - Head Office
A114: 3 | C114: Abonalla, Gerry F. | D114: Utility Worker B | E114: M | F114: 26280 | G114: Camarines Sur IMO - Head Office
A115: 4 | C115: Abonalla, Neil F. Sr. | D115: Carpenter A | E115: M | F115: 25528 | G115: Camarines Sur IMO - Head Office
A116: 5 | B116: 404630 | C116: Aguilar, Richie S. | D116: Clerk Processor A | E116: F | F116: 30667 | G116: Camarines Sur IMO - Head Office
A117: 6 | B117: 113566 | C117: Antonio, Salvacion N. | D117: Senior Accounting Processor A | E117: F | F117: 24323 | G117: Camarines Sur IMO - Head Office
A118: 7 | C118: Aquino, Mark Lorence P. | D118: Draftsman A | E118: M | F118: 35921 | G118: Camarines Sur IMO - Head Office
A119: 8 | B119: 976217 | C119: Archivido, Jayson O. | D119: Survey Aide B | E119: M | F119: 32003 | G119: Camarines Sur IMO - Head Office
A120: 9 | C120: Avila, Alaisa D. | D120: Accounting Processor B | E120: F | F120: 37268 | G120: Camarines Sur IMO - Head Office
A121: 10 | B121: 794144 | C121: Avila, Aldrin D. | D121: Utility Worker A | E121: M | F121: 26444 | G121: Camarines Sur IMO - Head Office
A122: 11 | C122: Azurias, Hernel Viean G. | D122: Clerk Processor C | E122: F | F122: 34800 | G122: Camarines Sur IMO - Head Office
A123: 12 | C123: Baesa, Dennis L. | D123: Utility Worker B | E123: M | F123: 28963 | G123: Camarines Sur IMO - Head Office
A124: 13 | B124: 779612 | C124: Bambilla, Bernie A. | D124: Survey Aide B | E124: M | F124: 32525 | G124: Camarines Sur IMO - Head Office
A125: 14 | C125: Baynas, Owen D. | D125: Property/Supply Assistant A | E125: M | F125: 32525 | G125: Camarines Sur IMO - Head Office
A126: 15 | C126: Blazado, Narciso P. | D126: Utility Worker B | E126: M | F126: 35246 | G126: Camarines Sur IMO - Head Office
A127: 16 | B127: 647158 | C127: Brandes, Noriel S. | D127: Survey Aide B | E127: M | F127: 32439 | G127: Camarines Sur IMO - Head Office
A128: 17 | C128: Briña, Jenny Anne | D128: Clerk Processor A | E128: F | F128: 34980 | G128: Camarines Sur IMO - Head Office
A129: 18 | C129: Cal, Marlo B. | D129: Clerk Processor A | E129: M | F129: 35999 | G129: Camarines Sur IMO - Head Office
A130: 19 | C130: Chavez, John Paulo B. | D130: Storekeeper D | E130: M | F130: 34124 | G130: Camarines Sur IMO - Head Office
A131: 20 | C131: Conde, Crystel B. | D131: Clerk Processor D | E131: F | F131: 35600 | G131: Camarines Sur IMO - Head Office
A132: 21 | C132: De Belen, John Aga R. | D132: Survey Aide A | E132: M | F132: 35097 | G132: Camarines Sur IMO - Head Office
A133: 22 | C133: De Belen, Milan R. | D133: Survey Aide B | E133: M | F133: 33298 | G133: Camarines Sur IMO - Head Office
A134: 23 | C134: Dela Cruz, Leonil S. | D134: Utility Worker A | E134: M | F134: 31455 | G134: Camarines Sur IMO - Head Office
A135: 24 | C135: Delloro, Angelika A. | D135: Accounting Processor B | E135: F | F135: 36156 | G135: Camarines Sur IMO - Head Office
A136: 25 | B136: 149591 | C136: Diones, Kathrine Ivy A. | D136: Clerk Processor A | E136: F | F136: 34935 | G136: Camarines Sur IMO - Head Office
A137: 26 | C137: Gobaton, Monroe P. | D137: Mason A | E137: M | F137: 31953 | G137: Camarines Sur IMO - Head Office
A138: 27 | C138: Gonzaga, Ryan Francis B. | D138: Utility Worker B | E138: M | F138: 36057 | G138: Camarines Sur IMO - Head Office
A139: 28 | C139: Incela, Jomar P. | D139: Utility Worker B | E139: M | F139: 34037 | G139: Camarines Sur IMO - Head Office
A140: 29 | C140: Lomeda, Robert B. | D140: Utility Worker B | E140: M | F140: 29442 | G140: Camarines Sur IMO - Head Office
A141: 30 | B141: 753398 | C141: Madrid, Mabelle C. | D141: Senior Accounting Processor A | E141: F | F141: 35266 | G141: Camarines Sur IMO - Head Office
A142: 31 | C142: Malanyaon, Randy N. | D142: Clerk Processor A | E142: M | F142: 36180 | G142: Camarines Sur IMO - Head Office
A143: 32 | C143: Nagales, Isidro L. | D143: Mason A | E143: M | F143: 33008 | G143: Camarines Sur IMO - Head Office
A144: 33 | C144: Omillano, Maryrose B. | D144: Accounting Processor A | E144: F | F144: 37159 | G144: Camarines Sur IMO - Head Office
A145: 34 | B145: 585385 | C145: Orcales, Mark Anthony M. | D145: Driver-Mechanic B | E145: M | F145: 31576 | G145: Camarines Sur IMO - Head Office
A146: 35 | C146: Padro, Jesimar I. | D146: Storekeeper C | E146: M | F146: 36107 | G146: Camarines Sur IMO - Head Office
A147: 36 | C147: Perilla, Maria Aissa D. | D147: Clerk Processor C | E147: F | F147: 31442 | G147: Camarines Sur IMO - Head Office
A148: 37 | B148: 629672 | C148: Plantado, Domibelle V. | D148: Clerk Processor A | E148: F | F148: 27983 | G148: Camarines Sur IMO - Head Office
A149: 38 | C149: Prestado, Elmer N. | D149: Utility Worker B | E149: M | F149: 24911 | G149: Camarines Sur IMO - Head Office
A150: 39 | C150: Rellosa, Ben Jearom P. | D150: Utility Worker B | E150: M | F150: 36053 | G150: Camarines Sur IMO - Head Office
A151: 40 | C151: Rios, Gil Domenick | D151: Utility Worker B | E151: M | F151: 35676 | G151: Camarines Sur IMO - Head Office
A152: 41 | B152: 863065 | C152: Rios, Ronie D. | D152: Watchman II | E152: M | F152: 28188 | G152: Camarines Sur IMO - Head Office
A153: 42 | C153: Romero, Carlo S. | D153: Utility Worker A | E153: M | F153: 33870 | G153: Camarines Sur IMO - Head Office
A154: 43 | B154: 729451 | C154: Salamanque, Melvin N. | D154: Survey Aide B | E154: M | F154: 30263 | G154: Camarines Sur IMO - Head Office
A155: 44 | B155: 912612 | C155: Sambo, Erwin Ernesto I. | D155: Watchman II | E155: M | F155: 27771 | G155: Camarines Sur IMO - Head Office
A156: 45 | B156: 995025 | C156: Sarto, Merla E. | D156: Clerk Processor A | E156: F | F156: 24102 | G156: Camarines Sur IMO - Head Office
A157: 46 | B157: 999085 | C157: Sentillas, Jommel B | D157: Survey Aide B | E157: M | F157: 32404 | G157: Camarines Sur IMO - Head Office
A158: 47 | C158: Tripon, Mark Vinci R. | D158: Welder B | E158: M | F158: 35303 | G158: Camarines Sur IMO - Head Office
A159: 48 | B159: 320104 | C159: Varde, Henry A. | D159: Survey Aide B | E159: M | F159: 29364 | G159: Camarines Sur IMO - Head Office
A160: 49 | C160: Adan, Arvin Bryan V. | D160: Driver-Mechanic B | E160: M | F160: 35554 | G160: Libmanan-Cabusao Pump Irrigation System
A161: 50 | C161: Cabrera, Marcelo Jr. R. | D161: Utility Worker B | E161: M | F161: 37027 | G161: Libmanan-Cabusao Pump Irrigation System
A162: 51 | C162: Gantong, Ella Marie R. | D162: Data Encoder | E162: F | F162: 37618 | G162: Libmanan-Cabusao Pump Irrigation System
A163: 52 | B163: 328717 | C163: Lijon, Elgin Jose P. | D163: Watchman II | E163: M | F163: 28287 | G163: Libmanan-Cabusao Pump Irrigation System
A164: 53 | C164: Marasigan, Bobby A. | D164: Utility Worker A | E164: M | F164: 36148 | G164: Libmanan-Cabusao Pump Irrigation System
A165: 54 | C165: Bustamante, Gemma O. | D165: Utility Worker A | E165: M | F165: 31435 | G165: Libmanan-Cabusao Pump Irrigation System
A166: 55 | C166: Paz, Melody R. | D166: Utility Worker A | E166: F | F166: 36929 | G166: Libmanan-Cabusao Pump Irrigation System
A167: 56 | B167: 816872 | C167: Paz, Norman S. | D167: Driver-Mechanic B | E167: M | F167: 31712 | G167: Libmanan-Cabusao Pump Irrigation System
A168: 57 | B168: 833115 | C168: Pelagio, Rochelle Mae V. | D168: Clerk Processor B | E168: F | F168: 36227 | G168: Libmanan-Cabusao Pump Irrigation System
...

Sheet SMIMO
A1: AS OF JULY 2026
A2: PERMANENT/CO-TERMINUS
A3: No. | B3: ID No. | C3: Name | D3: Designation / Position | E3: Sex | F3: Date of Birth | G3: Office
A4: =1 -> 1 | B4: 679718 | C4: Baynas, Jessie D. | D4: Principal Engineer A/Acting Division Manager | E4: M | F4: 29341 | G4: Sorsogon-Masbate Irrigation Management Office
A5: =A4+1 -> 2 | B5: 956072 | C5: Correa, Carl James M. | D5: Water Res.Fac. Operator B | E5: M | F5: 37108 | G5: Sorsogon-Masbate Irrigation Management Office
A6: =A5+1 -> 3 | B6: 214340 | C6: Domanico, Marichu E. | D6: Senior Water Resources Fac. Tech | E6: F | F6: 31391 | G6: Sorsogon-Masbate Irrigation Management Office
A7: =A6+1 -> 4 | B7: 432299 | C7: Marco, Ariel L. | D7: Senior IDO | E7: M | F7: 31387 | G7: Sorsogon-Masbate Irrigation Management Office
A8: =A7+1 -> 5 | B8: 946218 | C8: Nopre, Sherwin Rois R. | D8: Senior Engineer A | E8: M | F8: 33374 | G8: Sorsogon-Masbate Irrigation Management Office
A9: =A8+1 -> 6 | B9: 838420 | C9: Fauni, Annie R. | D9: Engineer A | E9: F | F9: 35087 | G9: Sorsogon-Masbate Irrigation Management Office
A10: =A9+1 -> 7 | B10: 116532 | C10: Federis, Jona E. | D10: Senior Accounting Processor B | E10: F | F10: 31508 | G10: Sorsogon-Masbate Irrigation Management Office
A11: =A10+1 -> 8 | B11: 679911 | C11: Valeriano, Maridol G. | D11: Irrigator's Development Officer A | E11: F | F11: 30612 | G11: Sorsogon-Masbate Irrigation Management Office
A12: ***NOTHING FOLLOWS***
A14: CASUAL (COB)
A15: No. | B15: ID No. | C15: Name | D15: Designation / Position | E15: Sex | F15: Date of Birth | G15: Office
A16: 1 | B16: 198016 | C16: Albino, Francisco Jr. P. | D16: Driver Mechanic A | E16: M | F16: 29402 | G16: Sorsogon-Masbate Irrigation Management Office
A17: 2 | B17: 184086 | C17: Aninipot, Cynthia E. | D17: Administration Services Assistant C | E17: F | F17: 29982 | G17: Sorsogon-Masbate Irrigation Management Office
A18: 3 | B18: 175539 | C18: Bolandro, Aleah Lalaine S. | D18: Engineer A | E18: F | F18: 36635 | G18: Sorsogon-Masbate Irrigation Management Office
A19: 4 | B19: 783099 | C19: Dometita, Jezra D. | D19: Engineer A | E19: M | F19: 35948 | G19: Sorsogon-Masbate Irrigation Management Office
A20: 5 | B20: 689545 | C20: Furigay, Neling M. | D20: Irrigators Dev't Officer A | E20: F | F20: 28913 | G20: Sorsogon-Masbate Irrigation Management Office
A21: 6 | B21: 177823 | C21: Granado, Jerry G. | D21: Administrative Aide lV(Watchman) | E21: M | F21: 28570 | G21: Sorsogon-Masbate Irrigation Management Office
A22: 7 | B22: 665387 | C22: Tamboong, Alfie G. | D22: Administrative Aide lll (UW-A) | E22: M | F22: 30897 | G22: Sorsogon-Masbate Irrigation Management Office
A23: 8 | B23: 298597 | C23: Ulmido, Julei Andrea L. | D23: Senior Engineer A | E23: F | F23: 35257 | G23: Sorsogon-Masbate Irrigation Management Office
A24: 9 | B24: 505744 | C24: Tenorio, Richille L. | D24: Engineer A | E24: M | F24: 35374 | G24: Sorsogon-Masbate Irrigation Management Office
A25: ***NOTHING FOLLOWS***
A27: CASUAL (Project-Charged)
A28: No. | B28: ID No. | C28: Name | D28: Designation / Position | E28: Sex | F28: Date of Birth | G28: Office
A29: =1 -> 1 | B29: 575385 | C29: Abas, Archie A. | D29: Driver | E29: M | F29: 29822 | G29: Sorsogon-Masbate Irrigation Management Office
A30: =A29+1 -> 2 | B30: 701306 | C30: Abejuela, Mark Anthony G. | D30: Administrative Aide l | E30: M | F30: 29803 | G30: Sorsogon-Masbate Irrigation Management Office
A31: =A30+1 -> 3 | B31: 453983 | C31: Albao, Joselito L. | D31: Engineering Assistant A | E31: M | F31: 27285 | G31: Sorsogon-Masbate Irrigation Management Office
A32: =A31+1 -> 4 | B32: 576927 | C32: Ariscon, Christine V. | D32: Engineering Assistant A | E32: F | F32: 30455 | G32: Sorsogon-Masbate Irrigation Management Office
A33: =A32+1 -> 5 | B33: 691972 | C33: Baleza, Mark Glenn S. | D33: Engineering Assistant A | E33: M | F33: 36426 | G33: Sorsogon-Masbate Irrigation Management Office
A34: =A33+1 -> 6 | B34: 635784 | C34: Barruga, Vicente D. | D34: Irrigator's Development Officer A | E34: M | F34: 33125 | G34: Sorsogon-Masbate Irrigation Management Office
A35: =A34+1 -> 7 | B35: 181281 | C35: Borilla, Ruben E. | D35: Senior Mason | E35: M | F35: 23345 | G35: Sorsogon-Masbate Irrigation Management Office
A36: =A35+1 -> 8 | B36: 856465 | C36: Carpon, Janielle Chloe G. | D36: Accounting Processor A | E36: F | F36: 36770 | G36: Sorsogon-Masbate Irrigation Management Office
A37: =A36+1 -> 9 | B37: 571407 | C37: Carpon, Genaro Jr. G. | D37: Driver Mechanic A | E37: M | F37: 27083 | G37: Sorsogon-Masbate Irrigation Management Office
A38: =A37+1 -> 10 | B38: 981786 | C38: Casilao, Jonathan G. | D38: Engineering Assistant A | E38: M | F38: 30837 | G38: Sorsogon-Masbate Irrigation Management Office
A39: =A38+1 -> 11 | B39: 177281 | C39: Dometita, Arnold D. | D39: Survey Aide A | E39: M | F39: 26146 | G39: Sorsogon-Masbate Irrigation Management Office
A40: =A39+1 -> 12 | B40: 446295 | C40: Haya, Cammille B. | D40: Senior Irrigator's Development Officer | E40: F | F40: 34141 | G40: Sorsogon-Masbate Irrigation Management Office
A41: =A40+1 -> 13 | B41: 187811 | C41: Masip, Sheree Ann L. | D41: Engineering Assistant A | E41: F | F41: 31482 | G41: Sorsogon-Masbate Irrigation Management Office
... A43: =A42+1 -> 15 | B43: 516319 | C43: Serrano, Rica | D43: Research Assistant A | E43: F | F43: 36496 | G43: Sorsogon-Masbate Irrigation Management Office
A44: ***NOTHING FOLLOWS***
A46: JOB ORDER
A47: No. | B47: ID No. | C47: Name | D47: Designation / Position | E47: Sex | F47: Date of Birth | G47: Office
A48: 1 | B48: 449325 | C48: Agcaoili, John Dexter H. | D48: Utility Worker B | E48: M | F48: 32426 | G48: Sorsogon-Masbate Irrigation Management Office
A49: =A48+1 -> 2 | B49: 131320 | C49: Aguilar, Rene Jr. V. | D49: Administrative Aide III | E49: M | F49: 32823 | G49: Sorsogon-Masbate Irrigation Management Office
A50: =A49+1 -> 3 | B50: 731369 | C50: Alianza, Bea Louise V. | D50: Procurement Assistant B | E50: F | F50: 36898 | G50: Sorsogon-Masbate Irrigation Management Office
A51: =A50+1 -> 4 | B51: 428170 | C51: Andaya, John Dominic D. | D51: Drafstman B | E51: M | F51: 36682 | G51: Sorsogon-Masbate Irrigation Management Office
A52: =A51+1 -> 5 | B52: 781498 | C52: Balalilhe, Ronnie Jr. B. | D52: Clerk Processor B | E52: M | F52: 37576 | G52: Sorsogon-Masbate Irrigation Management Office
A53: =A52+1 -> 6 | B53: 560438 | C53: Bayoca, Jake Menil E. | D53: Utility Worker A | E53: M | F53: 34600 | G53: Sorsogon-Masbate Irrigation Management Office
A54: =A53+1 -> 7 | B54: 524148 | C54: Bayoca, Rudy D. | D54: Utility Worker A | E54: M | F54: 34337 | G54: Sorsogon-Masbate Irrigation Management Office
A55: =A54+1 -> 8 | B55: 177002 | C55: Chavez, Jersen B. | D55: Research Assistant A | E55: M | F55: 37129 | G55: Sorsogon-Masbate Irrigation Management Office
A56: =A55+1 -> 9 | B56: 381752 | C56: Coquia, Angelo D. | D56: Survey Aide B | E56: M | F56: 33532 | G56: Sorsogon-Masbate Irrigation Management Office
A57: =A56+1 -> 10 | B57: 790363 | C57: Desengaño, Calixto D. | D57: Driver Mechanic B | E57: M | F57: 26094 | G57: Sorsogon-Masbate Irrigation Management Office
A58: =A57+1 -> 11 | B58: 757961 | C58: Diaz, Sandrick M. | D58: Survey Aide B | E58: M | F58: 35391 | G58: Sorsogon-Masbate Irrigation Management Office
A59: =A58+1 -> 12 | B59: 707083 | C59: Dicen, John Allen E. | D59: Information Officer C | E59: M | F59: 37182 | G59: Sorsogon-Masbate Irrigation Management Office
A60: =A59+1 -> 13 | B60: 724459 | C60: Diesta, Ferdinand D. | D60: Survey Aide B | E60: M | F60: 34638 | G60: Sorsogon-Masbate Irrigation Management Office
... A95: =A94+1 -> 48 | B95: 573905 | C95: Tulod, John Angelo T. | D95: Watchman II | E95: M | F95: 37578 | G95: Sorsogon-Masbate Irrigation Management Office
A96: ***NOTHING FOLLOWS***
A98: CONTRACT OF SERVICE
A99: No. | B99: ID No. | C99: Name | D99: Designation / Position | E99: Sex | F99: Date of Birth | G99: Office
A100: 1 | B100: 964469 | C100: Altiche, Augie | D100: Environmental Analyst | E100: M | F100: 36403 | G100: Sorsogon-Masbate Irrigation Management Office
A101: =A100+1 -> 2 | B101: 580649 | C101: Balbedina, Mae Abba B. | D101: Engineer B | E101: F | F101: 35666 | G101: Sorsogon-Masbate Irrigation Management Office
A102: =A101+1 -> 3 | B102: 358386 | C102: Caliva, Sheina Jane | D102: Engineer B | E102: F | F102: 37360 | G102: Sorsogon-Masbate Irrigation Management Office
A103: =A102+1 -> 4 | B103: 857436 | C103: Dino, Jeric B. | D103: Irrigators Dev't Officer A | E103: M | F103: 35841 | G103: Sorsogon-Masbate Irrigation Management Office
A104: =A103+1 -> 5 | B104: 429674 | C104: Duana, John Harold G. | D104: Engineer B | E104: M | F104: 36624 | G104: Sorsogon-Masbate Irrigation Management Office
A105: =A104+1 -> 6 | B105: 852578 | C105: Espares, Raul Jr. D. | D105: Agronomist B | E105: M | F105: 36766 | G105: Sorsogon-Masbate Irrigation Management Office
A106: =A105+1 -> 7 | B106: 257030 | C106: Jintalan, Queenie Rose L. | D106: Engineer B | E106: F | F106: 35640 | G106: Sorsogon-Masbate Irrigation Management Office
A107: =A106+1 -> 8 | B107: 301997 | C107: Legal, Christy R. | D107: Engineer B | E107: F | F107: 37340 | G107: Sorsogon-Masbate Irrigation Management Office
A108: =A107+1 -> 9 | B108: 525226 | C108: Mariano, Veronica A. | D108: Engineer B | E108: F | F108: 34426 | G108: Sorsogon-Masbate Irrigation Management Office
A109: =A108+1 -> 10 | B109: 719500 | C109: Rempillo, Rosselle Marione L. | D109: Irrigators Dev't Officer A | E109: F | F109: 35858 | G109: Sorsogon-Masbate Irrigation Management Office
A110: ***NOTHING FOLLOWS***
C113: Employment Status | D113: Number of Employees
C114: PERMANENT/CO-TERMINUS | D114: 8
C115: CASUAL (COB) | D115: 9
C116: CASUAL (Project-Charged) | D116: 15
C117: JOB ORDER | D117: 48
C118: CONTRACT OF SERVICE | D118: 10
C119: Total | D119: =SUM(D114:D118) -> 90
